sample,Your_sample_name,sampling_date,sampling_year,Incubation_time_yrs,sample_source,new_names,DNA_conc,sample_type,Old_names
P37057_1001,HA0760B 01.12.2020 Valve 1,12/1/2020,0,0,borehole,Borehole,40.6,smpl,Borehole
P37057_1002,HA0760B 01.12.2020 Valve 2,12/1/2020,0,0,borehole,Borehole,43.5,smpl,Borehole
P37057_1003,HA0760B 01.12.2020 Valve 3,12/1/2020,0,0,borehole,Borehole,23.2,smpl,Borehole
P37057_1004,HA0760B 01.12.2020 Valve 4,12/1/2020,0,0,borehole,Borehole,46.3,smpl,Borehole
P37057_1005,Control filter 01.12.2020,12/1/2020,0,0,control,control,<0.05,neg,control
P37057_1006,Container A1 2020.12.10,12/10/2020,0,0,container,Outlet_SS,53,smpl,Outlet_Tef
P37057_1007,Container A2 2020.12.10,12/10/2020,0,0,container,Outlet_SS,49.4,smpl,Outlet_Tef
P37057_1008,Container B1 2020.12.10,12/10/2020,0,0,container,Outlet_Tef,48.7,smpl,Outlet_SS
P37057_1009,Container B2 2020.12.10,12/10/2020,0,0,container,Outlet_Tef,54,smpl,Outlet_SS
P37057_1011,Macadam Lysis buffer - 1,,0,0,macadam,Macadam,0.136,smpl,Macadam
P37057_1012,Macadam Lysis buffer - 2,,0,0,macadam,Macadam,0.095,smpl,Macadam
P37057_1013,Clogging container A1 2021.12.06,12/6/2021,1,1,container,Outlet_SS,>60,smpl,Outlet_Tef
P37057_1014,Clogging container A2 2021.12.06,12/6/2021,1,1,container,Outlet_SS,>60,smpl,Outlet_Tef
P37057_1015,Clogging container B1 2021.12.06,12/6/2021,1,1,container,Outlet_Tef,>60,smpl,Outlet_SS
P37057_1016,Clogging container B2 2021.12.06,12/6/2021,1,1,container,Outlet_Tef,>60,smpl,Outlet_SS
P37057_1017,Control filter 2021.12.06,12/6/2021,1,0,control,control,<0.05,neg,control
P37057_1018,Clogging container A1 2021.12.20,12/20/2021,1,0,container,Outlet_SS,>60,smpl,Outlet_Tef
P37057_1019,Clogging container B1 2021.12.20,12/20/2021,1,0,container,Outlet_Tef,>60,smpl,Outlet_SS
P37057_1020,Control filter 2021.12.20,12/20/2021,1,0,control,control,<0.05,neg,control
P37057_1021,Clogging macadam A1 End top 2021.12.14,12/14/2021,1,1,macadam,Biofilm_SS,<0.05,smpl,Biofilm_Tef
P37057_1022,Clogging macadam A1 End middle 2021.12.14,12/14/2021,1,1,macadam,Biofilm_SS,<0.05,smpl,Biofilm_Tef
P37057_1023,Clogging macadam A1 End Bottom 2021.12.14,12/14/2021,1,1,macadam,Biofilm_SS,<0.05,smpl,Biofilm_Tef
P37057_1025,Clogging macadam B1 End middle 2021.12.14,12/14/2021,1,1,macadam,Biofilm_Tef,<0.05,smpl,Biofilm_SS
P37057_1026,Clogging macadam B1 End Bottom 2021.12.14,12/14/2021,1,1,macadam,Biofilm_Tef,<0.05,smpl,Biofilm_SS
P37057_1027,Clogging new macadam 2021.12.14,12/14/2021,1,0,macadam,Macadam,0.093,smpl,Macadam
P37057_1028,Macadam 16/12-20 PBS - 1,12/16/2020,0,0,macadam,Macadam,0.119,smpl,Macadam
P37057_1029,Macadam 16/12-20 PBS - 2,12/16/2020,0,0,macadam,Macadam,0.075,smpl,Macadam
P37057_1030,Clogging Macadam End A1-1 2022.12.06,12/6/2022,2,1,macadam,Biofilm_SS,0.681,smpl,Biofilm_Tef
P37057_1031,Clogging Macadam End A1-2 2022.12.06,12/6/2022,2,1,macadam,Biofilm_SS,0.062,smpl,Biofilm_Tef
P37057_1032,Clogging Macadam End A1-3 2022.12.06,12/6/2022,2,1,macadam,Biofilm_SS,0.303,smpl,Biofilm_Tef
P37057_1033,Clogging Macadam End B1-8 2022.12.06,12/6/2022,2,1,macadam,Biofilm_Tef,0.429,smpl,Biofilm_SS
P37057_1034,Clogging Macadam End B1-2 2022.12.06,12/6/2022,2,1,macadam,Biofilm_Tef,0.248,smpl,Biofilm_SS
P37057_1035,Clogging Macadam End B1-3 2022.12.06,12/6/2022,2,1,macadam,Biofilm_Tef,0.302,smpl,Biofilm_SS
P37057_1036,Clogging container 6/12-22 DNA A1,12/6/2022,2,1,container,Outlet_SS,>60,smpl,Outlet_Tef
P37057_1037,Clogging container 6/12-22 DNA A2,12/6/2022,2,2,container,Outlet_SS,>60,smpl,Outlet_Tef
P37057_1038,Clogging container 6/12-22 DNA B1,12/6/2022,2,1,container,Outlet_Tef,>60,smpl,Outlet_SS
P37057_1039,Clogging container 6/12-22 DNA B2,12/6/2022,2,2,container,Outlet_Tef,>60,smpl,Outlet_SS
P37057_1040,Control filter 6/12-22,12/6/2022,2,0,control,control,<0.05,neg,control
P37057_1043,Control filter 12/12-22,12/12/2022,2,0,control,control,<0.05,neg,control
P37057_1044,Clogging 6/12-22 New macadam - 1,12/12/2022,2,0,macadam,Macadam,0.058,smpl,Macadam
P37057_1045,Clogging 6/12-22 New macadam - 2,12/12/2022,2,0,macadam,Macadam,0.462,smpl,Macadam
P37057_1046,Clogging 6/12-22 New macadam - 4,12/12/2022,2,0,macadam,Macadam,0.385,smpl,Macadam
P37057_1047,Clogging container 16/2-23 DNA B1,2/16/2023,2,0,container,Outlet_Tef,51.1,smpl,Outlet_SS
P37057_1048,Clogging container 23/2-23 DNA A1,2/23/2023,2,0,container,Outlet_SS,>60,smpl,Outlet_Tef
P37057_1049,Clogging container 15/12-23 DNA A1,12/15/2023,3,1,container,Outlet_SS,>60,smpl,Outlet_Tef
P37057_1050,Clogging container 15/12-23 DNA A2,12/15/2023,3,3,container,Outlet_SS,>60,smpl,Outlet_Tef
P37057_1051,Clogging container 15/12-23 DNA B1,12/15/2023,3,1,container,Outlet_Tef,>60,smpl,Outlet_SS
P37057_1052,Clogging container 15/12-23 DNA B2,12/15/2023,3,3,container,Outlet_Tef,>60,smpl,Outlet_SS
P37057_1053,Control filter 15/12-23,12/15/2023,3,0,control,control,<0.05,neg,control
P37057_1054,Clogging container 10/1-25 DNA A1,1/10/2025,4,2,container,Outlet_SS,>60,smpl,Outlet_Tef
P37057_1055,Clogging container 10/1-25 DNA A2,1/10/2025,4,4,container,Outlet_SS,>60,smpl,Outlet_Tef
P37057_1056,Clogging container 10/1-25 DNA B1,1/10/2025,4,2,container,Outlet_Tef,>60,smpl,Outlet_SS
P37057_1057,Clogging container 10/1-25 DNA B2,1/10/2025,4,4,container,Outlet_Tef,0.17,smpl,Outlet_SS
P37057_1058,Control filter 10/1-25,1/10/2025,4,0,control,control,<0.05,neg,control
P37057_1059,Clogging macadam end 23/1-25 A1-5,1/23/2025,4,2,macadam,Biofilm_SS,0.469,smpl,Biofilm_Tef
P37057_1060,Clogging macadam end 23/1-25 A1-7,1/23/2025,4,2,macadam,Biofilm_SS,0.138,smpl,Biofilm_Tef
P37057_1061,Clogging macadam end 23/1-25 A2-3,1/23/2025,4,4,macadam,Biofilm_SS,<0.05,smpl,Biofilm_Tef
P37057_1062,Clogging macadam end 23/1-25 A2-7,1/23/2025,4,4,macadam,Biofilm_SS,<0.05,smpl,Biofilm_Tef
P37057_1063,Clogging macadam end 23/1-25 B1-6,1/23/2025,4,2,macadam,Biofilm_Tef,0.219,smpl,Biofilm_SS
P37057_1064,Clogging macadam end 23/1-25 B1-7,1/23/2025,4,2,macadam,Biofilm_Tef,0.245,smpl,Biofilm_SS
P37057_1065,Clogging macadam end 23/1-25 B2-5,1/23/2025,4,4,macadam,Biofilm_Tef,0.148,smpl,Biofilm_SS
P37057_1066,Clogging macadam end 23/1-25 B2-7,1/23/2025,4,4,macadam,Biofilm_Tef,0.055,smpl,Biofilm_SS
P37057_1067,Clogging HA0760A 25/4-25 DNA-1,4/24/2025,4,4,borehole,Borehole,>60,smpl,Borehole
P37057_1068,Clogging HA0760A 25/4-25 DNA-2,4/24/2025,4,4,borehole,Borehole,>60,smpl,Borehole
P37057_1069,Clogging Ctrl filter 25/4-25,4/24/2025,4,0,control,control,<0.05,neg,control
P37057_1083,Clogging macadam end 23/1-25 B1-5,1/23/2025,4,2,macadam,Biofilm_Tef,0.389,smpl,Biofilm_SS
P37057_1084,Clogging macadam end 23/1-25 A2-4,1/23/2025,4,4,macadam,Biofilm_SS,<0.05,smpl,Biofilm_Tef
