seqid	P30102_1067	P30102_1068	P30102_1069	P30102_1070	P30102_1071	P30102_1072
b519eb8761acb6775d792d8744e08e81	0	0	0	0	0	0
318669d5d926e9b81ca6911da00a14ea	0	0	0	0	0	0
457b0d3173b746e56237d8b01e1d6317	0	0	0	0	0	0
136c03e424212fcd420598f35f877697	0	0	0	0	0	0
369906d432efb2e771efcab20af116bc	0	0	0	0	0	0
1a4afd51274fd3b424d39e31ec6b1630	0	0	0	0	0	0
19c88c43cefc0efae399898111815666	0	0	0	0	0	0
45449f5a9c9a54284e4ebe52c3cd3d0c	0	0	0	0	0	0
18b725f88dbea7d049859dfc58456f7a	0	0	0	0	0	0
fba964fa77137f407924dcd8715d5c86	0	0	0	0	0	0
ff225dba13acdfbba8723cb431c42c39	0	0	0	0	0	0
f1da984a10983af51b57737647c1013d	0	0	0	0	0	0
737597e26ee5aa3569d8db14fa2e5747	0	0	0	0	0	0
5a1dc14d11e3e6ca8fd1fbce597300ec	0	0	0	0	0	0
662dd8ddc9333c681679c2c09c524b15	0	0	0	0	0	0
530f449c8546e747ffa6d7256b3e2cba	0	0	0	0	0	0
162f49312dce826c703c6ecf58c78a01	0	0	0	0	0	0
0b538986430315945fdd608780461d5c	0	0	0	0	0	0
0282092eeef14cdf1505be8c315857e9	0	0	0	0	0	0
05d6e3f01cde294509bb0c1f14e3db57	0	0	0	0	0	0
763ff3b2b850b140691464b2e8786804	0	0	0	0	0	0
993a6fe52069b7710256a210ddc44129	0	0	0	0	0	0
987b07b51f215294b9ba396fc0da2eab	0	0	50	0	0	0
47037e4ea52f2968e40892c3d4b37476	0	0	0	0	0	0
8fecc9ec000a0acbecf2b39588a6ce49	0	0	0	0	0	0
586fa20999066174f638a04765ca0de1	0	0	0	0	0	0
5cd733aa6f457f7374f5e42b10b591c1	0	0	0	0	0	0
d31545c1bc4d04649bc82955f3a54738	0	0	0	0	0	0
c8c17b7501c9afcdb6c84f6a50e26737	0	0	0	0	0	0
cb08fb5043c265574ad390f3281bb5cd	0	0	0	0	0	0
6b0371883c22354c8b6cda9b5564044d	0	0	0	0	0	0
adbf251d7e85faf55966946674feb177	0	0	0	0	0	0
4aedee16e906abdea4866569b7030509	0	0	0	0	0	0
256e23e1e2d88635041bcfdf2bf470e0	0	0	0	0	0	0
48fc71266517f94c5dd4b39a8feb0fcd	0	0	0	0	0	0
712454e536368fd89dddb0d80e2e340c	0	0	0	0	0	0
59e50c532873a181310afdef90842238	0	0	0	0	0	0
ee48d13e4145792a603be4c52a821a80	0	0	0	0	0	0
73cac7adf101ac441f30205005fb24df	0	0	0	0	0	0
1856ab3ec43665f0f19fa6074671ed0f	0	0	0	0	0	0
dab1fece325d8988e71c74157601d177	0	0	0	0	0	0
876ac6aaf7434d416cb6983a35dc5cbe	0	0	0	0	0	0
d03c1944a4697d33cb050dacc6a95df3	0	0	0	0	0	0
a33da6fcf481f66f2b5786a167b5c98e	0	0	0	0	0	0
67e6904b4e55ddb40195458e40277dcc	0	0	0	0	0	0
c42b205c32e31b8984e045b0838cd528	0	0	0	0	0	0
c4a6fc0696e821f728e03eb39385e3be	0	0	0	0	0	0
43a54829cc0d7a58a61ad7f833cc2b22	0	0	0	0	0	0
bb54c4478a29f33e8bc1d3e0b5e25a0d	0	0	0	0	0	0
211bfc8b5ff8b1aca85c45845c81d44d	0	0	0	0	0	0
2a498e8d900ecd3d749446ee37fda578	0	0	0	0	0	0
3e23256e19cab2581fbbfa4b4fa392de	0	0	0	0	0	0
8998b40d1d49574074f8398d97c6dfae	0	0	0	0	0	0
e62596b958e2af4e7b6976a0df672b37	0	0	0	0	0	0
fb5b25df8db061040514b2d58b1c006f	0	0	0	0	0	0
40aa939ef901e427f093947f073c2efc	0	0	0	0	0	0
efefb9dc863a004ad172da14b83bfefd	0	0	0	0	0	0
5526fa54835f65847bc6f19523d2b4c1	0	0	0	0	0	0
159f434d223e17e6d4a84d7a526cb194	0	0	0	0	0	0
3d0b950c45a54997acab17db7a53a116	0	0	0	0	0	0
351af36ff2635daa831a2e65b3897f70	0	0	0	0	0	0
737aa56ba113a3fd4b6b8b227ef8bc0e	0	0	0	0	0	0
60fd3ebe3ed2f3fe7a8bfa07adf6b841	0	0	0	0	0	0
2f2f376d44dc8209c66f3f2494469234	0	0	0	0	0	0
d3417edf505b56059d82fbf62f46c18d	0	0	0	0	0	0
5aaa7bbab85c590d9055fe2155877e14	0	0	0	0	0	0
9bd0f27bf94000069d740b88ca589e52	0	0	0	0	0	0
581683b8c9d76824c01d720796b572e9	0	0	0	0	0	0
2ae23489e1cb8327ccc3b2f16d11789e	0	0	0	0	0	0
76728798164f79182b1f80b94b6f30b6	0	0	0	0	0	0
4c00ba5874d815658b3806951cb67e3b	0	0	0	0	0	0
ee01aedaabc8dfecae7301982e34b5fb	0	0	0	0	0	0
9c223aa60f91145f8df12eca45966988	0	0	0	0	0	0
f1d0118dc9d3ff554235c5be80ed734f	0	0	0	0	0	0
e877b41723bd21e382e793461979a12f	0	0	0	0	0	0
a4a1f6de84f623cbabc6187360aceec9	0	0	0	0	0	0
45226a91a8ca724e92b42b8620f1e113	0	0	0	0	0	0
ba2bb0e5c25b9fd55670f97c7a7942c4	0	0	0	0	0	0
58046ab41562fc1db9dd82b2893313dd	0	0	0	0	0	0
e88966b2701c271b62d7e305c4c87347	0	0	0	0	0	0
bc1c110176c4a94d069a487173ad33f4	0	0	0	0	0	0
357dfd2f0c7a40938d128c4e057992b8	0	0	0	0	0	0
3f3417048bb51bba824c7e151d3cb802	0	0	0	0	0	0
722aa7098d4cca6a1cc244b99407b5b8	0	0	0	0	0	0
eb57d1fa450ba4551b0c05c0de2ba845	0	0	0	0	0	0
cbdc2d1ac59ec5be78be694723b31ee4	0	0	0	0	0	0
834294e642c239fa3b27bde652af714d	0	0	0	0	0	0
c5ed4581d8a7ffcd64218434e981a97b	0	0	0	0	0	0
ea76b0dbacbba58fc72f5ac96742ce12	0	0	0	0	0	0
ac97a6dcca535bb6e45258bd3da7cf95	0	0	0	0	0	0
5bd21dbd691fc07016fc0a03f1e8b80d	0	0	0	0	0	0
8663241f2f3999cc9c336a2a22e26ded	0	0	0	0	0	0
3e054b7078002f1afab1c1e22ee932e4	0	0	0	0	0	0
edbb63dded90e56c8ad1444a42f0b50c	0	0	0	0	0	0
6232225c8ea3046deb053f3c4f1c707a	0	0	0	0	0	0
36bd306e1db95ce52a66214005ff310a	0	0	0	0	0	0
b66781a4934415fa2efae029a637031b	0	0	0	0	0	0
c73c33a9d4f257b7eb42e11e67e7d793	0	0	0	0	0	0
d51184e145a64cac4ac39fc4ffa43205	0	0	0	0	0	0
0c8902da072737ca3cfca6e56043de12	0	0	0	0	0	0
db56928479ceed5f23459497fd041761	0	0	0	0	0	0
6bae6eb536a3233ec5765b00d86c8be4	0	0	0	0	0	0
a16a037ae1563a0ee22427bb97141611	0	0	0	0	0	0
a946d29ad284a2fcea617e8ca54e63b5	0	0	0	0	0	0
2900fcd1321fb934e979d3ae84dbe8c3	0	0	0	0	0	0
0abf04119fc707d66c646c5e671647ed	0	0	0	0	0	0
f57c4f7543db3e4b53d0d3530e7917b2	0	0	0	0	0	0
1f0d2503a1038b6b15376f713efae287	0	0	0	0	0	0
7e253824d01ff8bd50aeb0092f1882b9	0	0	0	0	0	0
932b0e6155cbee41099364f06fab001e	0	0	0	0	0	0
d217d1f42fc8dcf25836c578125f411b	0	0	0	0	0	0
451895b067a5ce5f04f6efc316602bdb	0	0	0	0	0	0
a4e35c013aa4f03abe2751218361ac3b	0	0	0	0	0	0
5aa612ab148fb2499ae3e86704bcc334	0	0	0	0	0	0
253a7230f2465f29a4f710bbbf490c22	0	0	0	0	0	0
ac4107604c179f2f8414333885255725	0	0	0	0	0	0
5f8f65f6c0efb20d9c7f810276f32754	0	0	0	0	0	0
c6a4a34cab2486cc7b54bc59d7cbfc05	0	0	0	0	0	0
bf160e7fd7f8365a73cf5e51aa371801	0	0	0	0	0	0
575d32819a43810e2554224d7ac6ac88	0	0	0	0	0	0
e30aeb41fb0e1c8f77fdf300b3b4da51	0	0	0	0	0	0
f4c4a4d3b7465422a7e305387815ac98	0	0	0	0	0	0
0c52f9763daacf15ff9ef08f61996c80	0	0	0	0	0	0
011370ba1bd7c0b9a9a8486b3abb8e44	0	0	0	0	0	0
f28ab4c9e2dac9008c220ddcdf284e31	0	0	0	0	0	0
faac4293e19b0a5fceb5459fe2818e6c	0	0	0	0	0	0
36cee6ad7b73689ce3bfbb610ad59cde	0	0	0	0	0	0
569eae18fee7e4b13d411e534058c831	0	0	0	0	0	0
e20a60c2f029026df8a1f49b3a488306	0	0	0	0	0	0
061450a4675de2c0bc876783c87a6c52	0	0	0	0	0	0
034f814041e0024afdcde8344a51d5c3	0	0	0	0	0	0
4d564b129659d3346bada3f2ebf8345f	0	0	0	0	0	0
38894f55336c34f7d02188e8484e3477	0	0	0	0	0	0
61854956597af17112de2254066d132c	0	0	0	0	0	0
3aac3b617a8d2b32b95740d7edba73c9	0	0	0	0	0	0
c71a2012bf62e588cea44cfec0e943ae	0	0	0	0	0	0
c2fff250272bd7184dc2c1a2296077f9	0	0	0	0	0	0
0d63d6854c21e643edf6b5439befa50c	0	0	0	0	0	0
4355fafed2efd751d9b78be359bd0a90	0	0	0	0	0	0
10ca3381ae9be0e5700cc013ccb92609	0	0	0	0	0	0
8baca29a9fc67eeac88941203affd81d	0	0	0	0	0	0
78e5e90b9308713ff2c8011e5383565a	0	0	0	0	0	0
714b0378efe0b8744e24aa04b48008d3	0	0	0	0	0	0
242e5219e18be9600f19e526bb85e58d	0	0	0	0	0	0
629581effabb83b1afc8469813a0b26f	0	0	0	0	0	0
08884e74384b9f4e44ebb929809e7430	0	0	0	0	0	0
b75efa3495545711af52d31992e5708b	0	0	0	0	0	0
a6e01efe6c453007d75ef82ffd44224a	0	0	0	0	0	0
80ba1f63a099df5ce24d9eacdc5bea02	0	0	0	0	0	0
540a4be0da09873e88d0afd01e51f9df	0	0	0	0	0	0
cef545ef9403ac9e53f044826d2a750a	0	0	0	0	0	0
74a4e4ee9f0c58ea8c564e3fe74844c8	0	0	0	0	0	0
4c93060fae1de855a4735d75b0ac6f31	0	0	0	0	0	0
287f4f0eddcfaee56c4279bff1479666	0	0	0	0	0	0
995e577a8abd067ac6a525c17a4a8faa	0	0	0	0	0	0
fb0210cac1287b3069da50118b44e509	0	0	0	0	0	0
f4b4dbd070c3296a6040e51b1e2aacfa	0	0	0	0	0	0
ba249f2d468b0bfa548df0b82bc68696	0	0	0	0	0	0
35ed8369ad917e64349549e7e2281234	0	0	0	0	0	0
8821e3d61d38bb52c99e01a14628fb04	0	0	0	0	0	0
086ce7c9fc41af3861a1975d39abfffd	0	0	0	0	0	0
77fabdc6d130a8e062e2eaede563e32c	0	0	0	0	0	0
e43ff1a6b262e390bade709f466e6c48	0	0	0	0	0	0
7143bda457f03bf4ec47f856360dedc6	0	0	0	0	0	0
e0f86d2d2c9609b3242818f77b5d01bd	0	0	0	0	0	0
3285d06efaa33dcdcc81a79f60f08941	0	0	0	0	0	0
b4d3621e1932822e68ec323d6d0dcbb9	0	0	0	0	0	0
5c20e08a3a324eda71ce728831e604a4	0	0	0	0	0	0
20c28830b5c366c960cb9f2373789dff	0	0	0	0	0	0
5059131dfe429f41653ad17dcc60ae6c	0	0	0	0	0	0
18c9458c6d6f7930698e81c64958465c	0	0	0	0	0	0
5036eb495220b40c486ce97159a27c91	0	0	0	0	0	0
8e5daec374769188c5827a3b14e98e3b	0	0	0	0	0	0
c21209d2777eb8e12b377903535f1b83	0	0	0	0	0	0
059b7298be70028c3d7db1d3424a39e5	0	0	0	0	0	0
1712474fbc7da0a06d308924cd241a2d	0	0	0	0	0	0
31b97c7db51221acd11c75919654d716	0	0	0	0	0	0
cf444e29690313f8509c6afb06742da2	0	0	0	0	0	0
f55fdbd69f19bda0cfa724eeb8c0966a	0	0	0	0	0	0
dc02f3d93902f66cdafacd6583842ec3	0	0	0	0	0	0
719bd6429d907ef179bd36fc3ad34a28	0	0	0	0	0	0
c528c35b15a43e943fd2ea39eaea572b	0	0	0	0	0	0
5d56b86f5f4b01214f0f794dc8ecdf72	0	0	0	0	0	0
8ed16b7040fd1355e8d61cc9e096fe08	0	0	0	0	0	0
20523c83822759c7522b17ac9f022df4	0	0	0	0	0	0
40721db3681713df899fd6574e04bc2c	0	0	0	0	0	0
8f77dd5e26b656271d5f62b67f082f4c	0	0	0	0	0	0
11b77ff9eb39f2bf51cb6709c6cfbbdd	0	0	0	0	0	0
2dde150871623ddbcad98fbe4bf80474	0	0	0	0	0	0
0cf8fafc3219a581ec38aaf748defa60	0	0	0	0	0	0
e6f770f645abadfe9784192264059dd4	0	0	0	0	0	0
4eb784d3782c6e1d96f3e9c9a5d317f4	0	0	0	0	0	0
fa5afb36913559f9836fddcb417a3f10	0	0	0	0	0	0
806e5f40058c768e5f5d0d39d896e2f6	0	0	0	0	0	0
bdc92301200f2ad121e9cc1aaa1d088e	0	0	0	0	0	0
9da4645d7fd0a9d3a38f3a8839697103	0	0	0	0	0	0
3f05e48eec0753259e5094b1776506a2	0	0	0	0	0	0
73bf669d1344d706d4844f06ce54aad5	0	0	0	0	0	0
5e636a4bd50ad1ffcb0db7828d7bdd85	0	0	0	0	0	0
422b7ac885b279c77d1c941476b077e0	0	0	0	0	0	0
7302e4028724d31594a272a6a6aa1984	0	0	0	0	0	0
f96bf672ec2e70ec2fe6ec5f103dc558	0	0	0	0	0	0
9dedff4874066f01b26ca4c422a14807	0	0	0	0	0	0
aad60bc117d1d0ed65f7d589b81687e5	0	0	0	0	0	0
a5f8fdcb997da3f9249c491aa237231f	0	0	0	0	0	0
cb60b81a0be5e3684c49d795f6ef66dc	0	0	0	0	0	0
185d00c7e2ec3d3a6f245f26fe1aed38	0	0	0	0	0	0
8a13f3c3d9ea6062178e93c8541340db	0	0	0	0	0	0
38c81bbc24520335a4604ddc9b92765b	0	0	0	0	0	0
93663f65891ff6b7cf394d08725ca8e5	0	0	0	0	0	0
70b0d956efe05740ebb7e4ca76971c32	0	0	0	0	0	0
fde0377730d9c62476b6882c8a26018d	0	0	0	0	0	0
6e1a0ecc92d13c954070c751ee6bd1ba	0	0	0	0	0	0
45e2259a3f575c6e8af4c8054ddd1639	0	0	0	0	0	0
8cb24777cb48dde0aac60dfeca125d10	0	0	0	0	0	0
aa6233d9d51de89e1322d526305ac35f	0	0	0	0	0	0
804503018b9884442786c996ee610b0b	0	0	0	0	0	0
5564e5bcdd7b165f72ef7449cf8e8c71	0	0	0	0	0	0
a9cd23e8c329bcc3f4e73def501f68e5	0	0	0	0	0	0
a3767130b8b46b7975254710c5391521	0	0	0	0	0	0
0aa8f8a56b347e96f5ffa4999950a30f	0	0	0	0	0	0
958218b34e82d4d5f860946b6d49c8d1	0	0	0	0	0	0
667857a9920213e12affb0e57b3c4656	0	0	0	0	0	0
0fc48bc1a82db3e71fb12af279680aa0	0	0	0	0	0	0
770855a306593f19e79b346bce074e30	0	0	0	0	0	0
7ee9982cf81d06d222692cc575b118bb	0	0	0	0	0	0
026b307993fea5dec2f3d518e4375c49	0	0	0	0	0	0
2f6096bcd10cace064d41622de13cc66	0	0	0	0	0	0
13f28626ccde5acf6f77fd8a755fb682	0	0	0	0	0	0
5f6648b074084b5f8a0286c49c5effaa	0	0	0	0	0	0
82ba01480037be9cbbf1ed581171cb9b	0	0	0	0	0	0
d16da53e57144505c6da8c82f234124f	0	0	0	0	0	0
d5d400eb0daf847c7bd58e41bd4ccd5b	0	0	0	0	0	0
1330c15ba33df33413a894dd03101efa	0	0	0	0	0	0
56827b783dfdf103e972d1067c1b3a4d	0	11	0	0	0	0
d8b7499a66e70274aa8e9f32c8a9efc0	0	0	0	0	0	0
bfa4125b9bc3c22db59948563f908ddb	0	0	0	0	0	0
16a5e0bb9d49402620370cf84aa3fc1a	0	0	0	0	0	0
47c25efaed3d966a7a4ba0fedb445e74	0	0	0	0	0	0
1b6d2d4a1fdeb9a7c571eb99c01046e3	0	0	0	0	0	0
e30280163bc163d7b23605af479b3937	0	0	0	0	0	0
09fb0d33e81275190a4dccc1ccfccc36	0	0	0	0	0	0
663c137aef6251bfe763ace6572bdd10	0	0	0	0	0	0
4def47107583a766d16ff721fa964072	0	0	0	0	0	0
37ef9d2e3e90388fd97fb24a7adc23f5	0	0	0	0	0	0
6acd9aabf119fa4168a24e347e88cb34	0	0	0	0	0	0
ee8cbf4b5ac5fd08973d39f42f5198e8	0	0	0	0	0	0
ef1d476669ce58c529443996e5f9401b	0	0	0	0	0	0
0d411533abb0a832401400020fcdbcc7	0	0	0	0	0	0
c0139cd8626a804f094d7373e86746df	0	0	0	0	0	0
cdc582b105a827de5aeb08497ac14733	0	0	0	0	0	0
fc11b27c143d4c968a415a323d351456	0	0	0	0	0	0
89978a682347736c129402c7da96e6b9	0	0	0	0	0	0
594e9bfc3be6824d2034593dbfecf1d4	0	0	0	0	0	0
86e81ee3e8549b381b01aedf109552c3	0	0	0	0	0	0
dfea9ce0d4b0a160aee21a0dbcdc1d04	0	0	0	0	0	0
2b5f3990bc715c8a6ab42f5d4755362d	0	0	0	0	0	0
8674257f9e3bc58ffe04407b48ae93d6	0	0	0	0	0	0
510e1adc0aead185498f3b1f283a2ebf	0	0	0	0	0	0
7ba72a8f6f80fd45920efa8ea047753a	0	0	0	0	0	0
04227db61927f22ccf155e9cb1576d2d	0	0	0	0	0	0
544afc52ddc423c77ba9c192f4eff804	0	0	0	0	0	0
3c91422836b96e51ee1eaf9237b2dfb9	0	0	0	0	0	0
95e825cd9ca9fa36db2c35e101407c5d	0	0	0	0	0	0
62271d9432ac61db2a49959ef332b261	0	0	0	0	0	0
ab5842f0fcdaa2e08827e6e9832c2e7f	0	0	0	0	0	0
1345767b86ccbd27919e402576721e51	0	0	0	0	0	0
74b41f1ff13302b2d473322c33904773	0	0	0	0	0	0
b008635b8f5af68c35e6acd58e3a18da	0	0	0	0	0	0
cb67efe93c4a576edb4e13b76d4cafa2	0	0	0	0	0	0
47c0bd42139e91d5f06ba30eba79f53e	0	0	0	0	0	0
8ccf4546799e13ea6000f6bd3ec0b6f0	0	0	0	0	0	0
a7631cc7389909d3d69e57da6820a877	0	0	0	0	0	0
eb72e7397358af91a2ea940cba3224fa	0	0	0	0	0	0
9b88b93edf34b54fd432daf881f8b537	0	0	0	0	0	0
105ff40a5eec9290162860aa4b556f9a	0	0	0	0	0	0
65e386211273a76ff77fc099ddff5a64	0	0	0	0	0	0
32697448d4f166769cc93c7647344177	0	0	0	0	0	0
0961cf531794fd02d25b25c2da34a8ac	0	0	0	0	0	0
534efecea8dafb060e5d4de982276175	0	0	0	0	0	0
4ab58e637e454d2812fdd30e6dc96349	0	0	0	0	0	0
f9b9f75e744dde1aedd26e51696c80e7	0	0	0	0	0	0
6677c37396880029d69024831cc049ea	0	0	0	0	0	0
16ed1de13506e949f26f284a4e5e4ffa	0	0	0	0	0	0
f8142c1c38545e60bfd92ce0d9fb2e9e	0	0	0	0	0	0
52547ef3dfb01a521c6521cbe6e86efa	0	0	0	0	0	0
475cfe3ca3f55ec4e6b71091217b30b8	0	0	0	0	0	0
e218b21bcad4b6429629e635434a6f59	0	0	0	0	0	0
5fba12e37abb7d4356b5c11a8db6c76d	0	0	0	0	0	0
fe9b1331081aea515804f91476b627a4	0	0	0	0	0	0
40c21e1c9363e218b5ff984e9e7a8ce6	0	0	0	0	0	0
81ce6b901ba724212a6853621a35d405	0	0	0	0	0	0
844ab92478df4d4e5325e570ed8c76dc	0	0	0	0	0	0
99f4b9ad6e1a95acdfb80e57baa5f3da	0	0	0	0	0	0
1604b71ae26dd9c20f97c3652140df0a	0	0	0	0	0	0
d93cad981dd65f31930eae0844ef3104	0	0	0	0	0	0
f94caf12ac19c059a1ef1b57b4814245	0	0	0	0	0	0
7364f05206f8df56157000abee43361c	0	0	0	0	0	0
fb3df18c3cf3e58568a604b0cf20578b	0	0	0	0	0	0
9b5c647847ef1e1f7c6523f667e6aa68	0	0	0	0	0	0
a42ac4b40b00d3b3acd4c3dd95dc3fbd	0	0	0	0	0	0
c1c4bb61543239b5de8fe5141b2c4e74	0	0	0	0	0	0
48721ee5a0115d8654bec5d6e1cee9f0	0	0	0	0	0	0
90356da08294493685b259fcc2a6eaf8	0	0	0	0	0	0
0feaad31676664f77aeffe5c0b32e8ab	0	0	0	0	0	0
4b55a271e8a4f774063dda87af72c50b	0	0	0	0	0	0
ced2cf91cca1d52e7d622c7ae381ff57	0	0	0	0	0	0
7affb75958643459d06287683d27f669	0	0	8	0	0	0
5c332ebd1676b94abae04bbd4991d025	0	0	0	0	0	0
5f60d6a6e6c2b8468b267da977ee6941	0	0	0	0	0	0
7e70754681d62bc249ff154a0c1d9246	0	36	66	0	0	0
bc577b7d6eb62c92ec1b5ec33afa9540	0	0	0	0	0	0
ab1e4d50148556b399014964cf5f03a5	0	0	0	0	0	0
ffbc633e991c6252cd9086650974c9d0	0	0	0	0	0	0
01bfb148b25389efa0842f1a75ab14c7	0	0	0	0	0	0
69d3c006ce259608d9fc75930096d5ce	0	0	0	0	0	0
a4177f6c57a7c5461b473beca65584ed	0	0	0	0	0	0
0265d7479de08a685622b553ca6c8aa3	0	0	0	0	0	0
67c7fb2ecd029e70cbc32457ae0fa35c	0	0	0	0	0	0
732a96ebb8d3cf414b052664d54b2a73	0	0	0	0	0	0
27dbfd54b0f43fa1583e0f87ca1b6e57	0	0	0	0	0	0
d42a15794f89f296a2ebf626dc65cede	0	0	0	0	0	0
e0e33fce163b5d85a8e908cd1d58479b	0	0	0	0	0	0
4806362abefbac3f088a65613cd9f357	0	0	0	0	0	0
a50baf9c4d6ab584bc3660ca54494a5d	0	0	0	0	0	0
23179e226edcbae32f65fc90096ba95a	0	0	0	0	0	0
d9b7311fac9e13458f25af308f6cca1f	0	0	0	0	0	0
63003a38ac47f882b01c3e4dbaeb1f1f	0	0	0	0	0	0
bca7740346d4dfc90d570f6bc4821261	0	0	0	0	0	0
1a619a87fb91992ec20e4309c8f5a327	0	0	0	0	0	0
bd5a28baa74871d1d50eedac051d691f	0	0	0	0	0	0
6ee8fd8e10b4a20e12354d985f62b0ac	0	0	0	0	0	0
2aeddfb4d1c53a58fbab9f9569e68a23	0	0	0	0	0	0
451639231ca719de5d0cf6e7e5b4164b	0	21	0	0	0	0
4a4f06b6031bfb9248a25d2347da5e95	0	0	0	0	0	0
db7950a12372df45c004ebc5bdb8f062	0	0	0	0	0	0
bf4bc2a7a395766a90560616a21d350a	0	0	0	0	0	0
ff82a8d343911a2a521802ca475c13c7	0	0	0	0	0	0
dd1d20383456264a12b7be01248def86	0	0	0	0	0	0
d7e7d63be0bc8d600e8c85c33f49d9c4	0	0	0	0	0	0
32d657074bd3202d52c6a87e6ab35638	0	0	0	0	0	0
52d6541fe0b5d1a0a8ba65aa0ffa0b62	0	0	0	0	0	0
35c7b22339b5eeda31a24d1bb1039e31	0	0	0	0	0	0
58cc9b490af0d5f93b912bd01b3733ae	0	0	0	0	0	0
814b044ade0596e5bc7916f0733288bd	0	0	0	0	0	0
4f209d3afd49b8e5d3312697e2411f4e	0	0	0	0	0	0
c520759a3dc836d72cd2d86b772cdac4	0	0	0	0	0	0
994186fc222cd9217f4034a75f15015f	0	0	0	0	0	0
960a45066d29afb8ba8a15029de78f4f	0	0	0	0	0	0
c069cac7a6bd28f3ec5574a3ebd675f3	0	0	0	0	0	0
77771ec4c2e66ab0c2d24ee26e9c5d4a	0	0	0	0	0	0
79a30261191c3dae4a3025305c0f6af8	0	0	0	0	0	0
af190b852cec0d6eb78c15eb0e8777e0	0	0	0	0	0	0
69bcc14aeeb26376a5cc77848c04ea73	0	0	0	0	0	0
14e81234272d7c1b264dceb28fcc1afb	0	0	0	0	0	0
6277d3cb53285f31c43044ad40a56ac2	0	0	0	0	0	0
d18afb55c6f81612e580dd1d99f3b2ea	0	0	0	0	0	0
e86fa3db034b65fd3bbb0f701abb64fc	0	0	0	0	0	0
0435a53fe93eca7800a42dee791addf8	0	0	0	0	0	0
7751ce0b7525c5eb564035ec9cd50a26	0	0	0	0	0	0
a948e207767dd14980ff5a35c244b672	0	0	0	0	0	0
92990f8fc6e16fbd698a12d5ad48aa42	0	0	0	0	0	0
5a8434ca7e43646644e07ebcac9283f1	0	0	0	0	0	0
14eb01a1819cc3ec797c869b96af3402	0	0	0	0	0	0
9c346f83bd9aa1311574e9d902e24b00	0	0	0	0	0	0
f027a284ee4a479a09f137f13e3a431a	0	0	0	0	0	0
bf721e179cfc26e3b7df221b8ca38f99	0	0	0	0	0	0
d7ee1f2091f130b4f645d70bc9337f74	0	0	0	0	0	0
60960503ddc0539d42b19341afd2d566	0	0	0	0	0	0
d17c28281684779298314c4e85fc9354	0	0	0	0	0	0
f1f7c2e584073cbcd7707735473092cb	0	0	0	0	0	0
d6946337205554f3efe64f997d504e0c	0	0	0	0	0	0
9ce3b87a5ab4e663714bb6afdb7e63ed	0	0	0	0	0	0
d3405dc078c6f3231ac3779b1889c0a1	0	0	0	0	0	0
edbf7fc0756407d6387f8a5278e3332d	0	0	0	0	0	0
b6ddf41139ff59952f8dc5ca4ffd9da3	0	0	0	0	0	0
93dd43fb8913de4f225635ae274b0627	0	0	0	0	0	0
e5066a49f1b28f339b836b053e2807e0	0	0	0	0	0	0
3d457e00f0ac6dc52c4bf509febf573e	0	0	0	0	0	0
4dbb210e2a89718ae0ee8d8f8f2e133d	0	0	0	0	0	0
19b0ef45defbfb6265873ceb9cc62721	0	0	0	0	0	0
4f2b32abb1773f34a9642dd551990972	0	0	0	0	0	0
660f797d22d833321cac9933d61efa4d	0	0	0	0	0	0
e674cf4507e6480ae9b8e3ecc430da32	0	0	0	0	0	0
4c338b16590a29e37d3da5ef3cf13879	0	0	0	0	0	0
606d5d17ba162389f818bf883032d5f6	0	0	0	0	0	0
8d2dab97bc58ff21410ef431dbcafd1f	0	0	0	0	0	0
3f0856f927fa93adc89b867a0e91e616	0	0	0	0	0	0
c5614ae9f598dc445206926adba2029b	0	0	0	0	0	0
aa96d24193530a6f5a4dc572962477da	0	0	0	0	0	0
8f9ad433936321b6d6d65eab5e46cfe3	0	93	216	0	0	0
06b30d140ce41076e656aa1ba12e22e9	0	0	0	0	0	0
c979c1421b387e0329d9e0f17c698502	0	0	0	0	0	0
eb7ee740e6c48f0b0f8345a5ea0d698a	0	0	0	0	0	0
bf7b79a285548f3306bc43fbd5b724f2	0	0	0	0	0	0
8c0c4951654152fc2cf78477b1b588cb	0	0	0	0	0	0
3404ce3642ab6703f829888c3f343698	0	0	0	0	0	0
ff0f532a85a305158e1274dcecff53d7	0	0	0	0	0	0
263406e81c12518772794aa43ff5763f	0	0	0	0	0	0
890f0465955ea2695238340bcce07588	0	0	0	0	0	0
49ec0b8ec4b73af2a86b618b708919d1	0	0	0	0	0	0
a1d3a094074e0e202a065e3b1005bdf6	0	0	0	0	0	0
00205602f82a251e962cca159dec72c3	0	0	0	0	0	0
90632a832ff6f72ad5f689e8ac41cd35	0	0	0	0	0	0
7229e91f77c193bdffbcede04dc4dacb	0	0	0	0	0	0
d06166ee18da62984ab5ea12ff7b027a	0	0	0	0	0	0
e93d58ead015b79bfbf8149781424eeb	0	0	0	0	0	0
3fc3e6361c9eafd385c3704a03061080	0	0	0	0	0	0
8952477cfe95a2ac5ebf35c92ca562d6	0	0	0	0	0	0
8cb944a9d1aba3d39b454c1c59748cd0	0	0	0	0	0	0
bbf4d440c4c7bbdcf5340a98a96f7566	0	0	0	0	0	0
3fea1da99f1a47df7e20dea4ce254414	0	0	0	0	0	0
938f31a4054ad061c7a8e224be622491	0	0	0	0	0	0
89702743f9f79ae4d2c55aa0e875dcca	0	0	0	0	0	0
2a4e474c137b72efaa7e1d45aa0bfe26	0	0	0	0	0	0
7b15655b1eaeba996fa7b4df61bdc4ab	0	0	0	0	0	0
cd9b96563fc39451e3a16b7e9ce1a1b4	0	0	0	0	0	0
9b6a0e813cf61ee41e763b06135e5d6a	0	0	0	0	0	0
d0424ba23c232047b30cd9c12e0b3b78	0	0	0	0	0	0
bb9e3df11505f24e3cc80f4208fa113a	0	0	0	0	0	0
97e80b14713a7efa85cff37f16dd6935	0	0	0	0	0	0
4b60840a9e6d3213d72dfa0238073ba3	0	0	0	0	0	0
7f0fc05bbd374acd580e7ad7092ac7e3	0	0	0	0	0	0
6521c258887c966d411b1fa22fa2f50c	0	0	0	0	0	0
f198e72e15bc3922c9724a3eeb3ec40a	0	0	0	0	0	0
61d8d9696122e00e7167cc1b7340bbd3	0	0	0	0	0	0
b550b0c7d90794659f256595fdfd7f17	0	0	0	0	0	0
44037f4b4d5256a4f9d5abab2b74257d	0	0	0	0	0	0
45e3194b7755bec7026aade4a693654c	0	0	0	0	0	0
78111f67bdbf64b8b3416d1fd57998b1	0	0	0	0	0	0
2cb8b1bc08bbccd323ff9fed07f50ee3	0	0	0	0	0	0
9a8c58eec0c7be0e72ff46e0708bc968	0	0	0	0	0	0
5b5f6b3ff8ad902ee5d93f5fdef0d41c	0	0	0	0	0	0
f409907fb96bc6782299bc3949cb0f69	0	0	0	0	0	0
d9428ded6b38307d64e71901b581b063	0	0	0	0	0	0
4952d9c625d26b9f8b0a16b6425d2e77	0	0	0	0	0	0
b848da918fefeda2c7055dab49074d23	0	0	0	0	0	0
e64251ed23f4c4919b3cbb382913a59f	0	0	0	0	0	0
02e288bea53516e48d3f13783e54f757	0	0	0	0	0	0
93153bf58e504d81980622acf273cb31	0	0	0	0	0	0
6d5720b7d9600ecda07076c9e1d18f50	0	0	0	0	0	0
31faf8c1f40ca2d5e1b9c6883c9469fc	0	131	99	0	0	0
2c2f27f7abe95dc534bd894d14c72109	0	0	0	0	0	0
ff14790bc569bb5675e264e976cbab8a	0	0	0	0	0	0
066a3678da95933fce30184942f7a7e2	0	0	0	0	0	0
020c783842183919660ac06ab45877ff	0	0	0	0	0	0
1535cd89d12553f2e07f2780a3ac4fc2	0	0	0	0	0	0
c5e4bd8fc174e0ac44e05a5ca57ed89b	0	0	0	0	0	0
20acb8bad1ee1b6ca5a2aa3b92caac3b	0	0	0	0	0	0
0c6615fe92aefbddf68e5bb7a1ef0ba8	0	0	0	0	0	0
5eb82dd202fea4cf92175eafad03e423	0	0	0	0	0	0
aff7cc1e530c826ad8e0517818ab5680	0	0	0	0	0	0
7b68d554b0485878727a3a8bc0357651	0	0	0	0	0	0
8206a93d4364a16fde0f1c90dc32c81b	0	0	0	0	0	0
407b6822c863a841d8d1aa5d1157af52	0	0	0	0	0	0
7cc6aff35e573e6784ed17cb35a34313	0	0	0	0	0	0
d5998d2a11b5cb32bf32bc2e5714e2fe	0	0	0	0	0	0
acabd87e5bbbb6306780c96543a7fb11	0	0	0	0	0	0
2cc6c8141f6a0bef11486622e470ad89	0	0	0	0	0	0
c83e9a8d5b18126b695b7c43f77801a6	0	0	0	0	0	0
222ce51eea85736debe264a9928a8aab	0	0	0	0	0	0
fef9902ccf2b5a746878f014a3b439f4	0	0	0	0	0	0
92cd07168e97f7d58a814392cfb3d26b	0	0	0	0	0	0
be802c3ca1134474d46e1d2afda257be	0	0	0	0	0	0
8623f67cfdacb592dd055e845938bd32	0	0	0	0	0	0
5c7e80fc801c1a3cfc6798e1295c5e36	0	0	0	0	0	0
e29feb3f532ea1f933841dc269759e56	0	0	0	0	0	0
dbe543d3e2418146e3164f9ddb22a1ae	0	0	0	0	0	0
609072f114d723eb36aed864c765eb3c	0	0	0	0	0	0
12ce6e651b7b89d57e85eb4c88478d13	0	0	0	0	0	0
f15e821a289a15144ec4aa31f137f916	0	0	0	0	0	0
f0a98f93d2a3e89fdbc86d50488d12e2	0	0	0	0	0	0
9169d77ce125f513041c3e220680166a	0	0	0	0	0	0
0f0f796b918f48f06c22f00b0049f425	0	0	0	0	0	0
975eabc4b6ff8e8c61b900b60669c2dd	0	0	0	0	0	0
fee4645e96b3bc5b59418b1087549e72	0	0	0	0	0	0
27198ef1066c4ab8f5f0a1fe33a01feb	0	0	0	0	0	0
108dd18a791c3c8d6fcfe79772ebca80	0	0	0	0	0	0
5ded0d90ac6476eaee9d563a2a308260	0	0	0	0	0	0
2fb5e484526b8ecaf618081493c44441	0	0	0	0	0	0
2c381c952051b6ee83fdde75dbaba463	0	0	0	0	0	0
d97fd66e6a7252fa1461552ca59e381d	0	0	0	0	0	0
41d2b51fe70212c29274609bdfd1e08f	0	0	0	0	0	0
a15a0a4c512472346967049f0cc1792b	0	0	0	0	0	0
e4a420dac73088a4fa239b358d434997	0	0	0	0	0	0
e090faeb9a180afc21429f4fbeef0e50	0	68	107	0	0	0
ff9d2ab4f05a315f92ea45391d0c1d4e	0	0	0	0	0	0
e75fbbe0066b925daf2448cbf6b45b28	0	0	0	0	0	0
8f211f3f215ebd981e70fd07a8a375e4	0	0	0	0	0	0
4d96205efccc2999c5ef1e78f4618d42	0	115	56	0	0	0
44ccd945adbc5cc30e54a1ebe33ecc76	0	0	0	0	0	0
7f111ca652efc8c75ae384e33fa4269b	0	0	0	0	0	0
b9ef36bb564bf49be00eb50d017d7c0f	0	0	0	0	0	0
958f6be00c6021c539a0680da689acce	0	0	0	0	0	0
bc43e56295d7c43ac619d11da9f85b6b	0	0	0	0	0	0
996243feffb4007960b57ccc5f3240d7	0	0	0	0	0	0
918bec6bf60feb189c21d9f587beab25	0	0	0	0	0	0
783defecff53344616ecb5abc35cc51a	0	0	0	0	0	0
5c3ad4b9adb94dc14d393f3208a6618c	0	0	0	0	0	0
f66835d0916e48e8e18d73abed39fcce	0	0	0	0	0	0
78cbb6c364fc8d77876d719a4cc004e3	0	0	0	0	0	0
e6863ad2678032d52d87cb26658cfdc5	0	0	0	0	0	0
f5c5a233e1474cf8728f9a0c3729d732	0	0	0	0	0	0
42e1c199f62adbd7bb1ac998baf9080d	0	0	0	0	0	0
9aa53050cac4c05008fbc3c0ee6beea8	0	0	0	0	0	0
ecae2a594fc4998219ae2e47cefa79e1	0	0	0	0	0	0
dda08c7ffe12ed245f39c4336cfc962d	0	0	0	0	0	0
151f742d86dbe2057570b3b25363f4a2	0	0	0	0	0	0
f485a47db0c8ca3a2564475d9cce946e	0	0	0	0	0	0
274ebddf53ac561ce88609ca7102857b	0	0	0	0	0	0
0e981b3ad0f038fadf0469929290bea0	0	0	0	0	0	0
b91423e5a05ef2e6797577968690327d	0	0	0	0	0	0
48674857fe15ee8b688baee6282cfea8	0	0	0	0	0	0
f56f3ad3c8897c75bbabd7355cc1223a	0	0	0	0	0	0
b20f7f0d3c4de0241751e41e1e2499e4	0	0	0	0	0	0
bd3a43a666d2622011e2d2702c9fd45a	0	0	0	0	0	0
3347463da59b507f43d6718f1bff0322	0	0	0	0	0	0
5dd6433d707f2967571097edb225a9b2	0	0	0	0	0	0
c50861ad69241c22038e1a6c46b9fcd6	0	0	0	0	0	0
2f58a93224a54e1bf4d85ad526e17251	0	0	0	0	0	0
a9ab0a75094ea05008367985d0d0e02d	0	0	0	0	0	0
47f7405ac97ba6698d45ceb5e063d9b1	0	0	0	0	0	0
764f1bf8d04fb938f17f44ef72bd15d8	0	0	0	0	0	0
ada649d72854ebad57aba105dba503d9	0	0	0	0	0	0
288a52fdf086b2eaa28af7eb8ef139a7	0	0	0	0	0	0
701332827d2216f12f30ebfdca98ba1f	0	62	79	0	0	0
31ec8b6e3d334286bd9e70ba6123257d	0	0	0	0	0	0
68122da709b836285ec38131a85b6e60	0	0	0	0	0	0
7dcadd74affedb3e195d369eabfbae87	0	0	0	0	0	0
1f9749fbb28f4f0ef36d275e6f7abfc0	0	0	0	0	0	0
d738ee566f85e74714522a169524322d	0	0	0	0	0	0
9ae82558c501ad86a991b82c78807851	0	0	0	0	0	0
eacadb3736e080a73d79a62edaa6bbf7	0	0	0	0	0	0
30ee5a18a4affc2adb33b0495e603001	0	0	0	0	0	0
499a8de273dba28f6e39660affdb1513	0	65	68	0	0	0
8ff75435f00cd9a70137b9f63ac2b069	0	0	0	0	0	0
9eaef9b1bc0e7f2a46df9ac9acd69533	0	0	0	0	0	0
3c1a1a195201bf953b0ba92b0e0abb6b	0	0	0	0	0	0
efd2ddfbd919f810f1124bb3c92214df	0	0	0	0	0	0
0ca520b2d1f390302efe06248be4b280	0	0	0	0	0	0
7aa2c0e5c65264402166e57d6a50d672	0	0	0	0	0	0
8a5cec68140b04ca455b832901cd438f	0	0	0	0	0	0
e66fd2cbcefbe7486f15905dc3ef2fe6	0	0	0	0	0	0
8ca32fead1d1f40cffd3ecb165ca4d09	0	0	0	0	0	0
c8c27991fc4b9dbaf393e756a8480704	0	0	17	0	0	0
57e42662f941d9f3d36c957a204e1215	0	0	0	0	0	0
1e67a1c5810bf593a6a3858e9e84aa9c	0	24	0	0	0	0
aa2e9f9f3f4a8460723de397cc5349df	0	0	0	0	0	0
7cde66afffc102f6063ffed3f930219b	0	0	0	0	0	0
2ff529594fdf251cf59d6c4bee5222c1	0	0	0	0	0	0
0f2ae79c6789d9ddb522c4e0364524f2	0	53	62	0	0	0
c318f647553f8d9299df43fd22cf35c1	0	0	0	0	0	0
68c6dcc49cb423cd263444e46e378208	0	0	0	0	0	0
59853fcbd369eb324ea5ae81a673412d	0	21	56	0	0	0
c4e3d19d6d180d9dbf222634944034f6	0	0	0	0	0	0
41d32cb9c26ad7ccadac6d3732f1b059	0	0	0	0	0	0
e6fdf59d1083b25505109bfc6b29a87b	0	0	0	0	0	0
f1514371a86826a3be2fb7f0ed7d6fa9	0	0	0	0	0	0
a79d1e0f51807ba5cf45f3ce536ffded	0	0	0	0	0	0
caf4d8300ecc03a4517e25b89df00d5e	0	0	0	0	0	0
ba125a586257083a166c4e8ae6e68882	0	0	0	0	0	0
da944be17086af76c758435a4973dd6d	0	0	0	0	0	0
806726c1fdbf25421ffd66ffa8e837e3	0	0	0	0	0	0
98ecf5aed9ae5f035b3fce7a7c1dc86c	0	0	0	0	0	0
2f6717d25a1ae2f7c95cd453a114b18e	0	0	0	0	0	0
4c30744f083d5300d23943845ff9bdf7	0	0	0	0	0	0
786e45499089e2f02be89089df2fbf72	0	0	0	0	0	0
18c69f1255f790e004d45024f6d152d7	0	0	0	0	0	0
f25034d10c5d59db815b38a5a3494ebb	0	0	0	0	0	0
101637aba474a6614786486ad42acb11	0	0	0	0	0	0
f97b4ba7090fee14ef8ebd4be72579ff	0	0	0	0	0	0
b21ab86b96eefdb72a051d4795240c24	0	0	0	0	0	0
e1b588957e2cd846b105219e4cd9835e	0	0	0	0	0	0
6120c9efeee811895404039f917584f6	0	0	0	0	0	0
ae622acac3d92d3c30c183b706588d3d	0	0	0	0	0	0
12f5de713478b8ebc806b0ffcfbed1b9	0	0	0	0	0	0
a32a5bec7faed3082dbc43aef3ab8364	0	0	0	0	0	0
53d827869a838d039865d2bd31420535	0	0	0	0	0	0
c66c595917fa584933d2201d2e3b3903	0	0	0	0	0	0
3657e41ad2fc126d8528ab55461567f6	0	0	0	0	0	0
015799110e16e190a75ce3b14c5691b6	0	0	0	0	0	0
24a15a5df1d1a9e1dd102062ff9d6f36	0	0	0	0	0	0
8af7b2021d4b64039b3c145c8ac3c6b0	0	0	0	0	0	0
8ad8c47c435ba3d6b06db328f7091a96	0	0	0	0	0	0
23dc378aeaa4ba73d14114bd01cfc2ec	0	0	0	0	0	0
915a3d19fa9a85b9152d5a642eafe7ea	0	0	0	0	0	0
6f925e126b5a8fbc26acfd3d9dba040c	0	0	0	0	0	0
45f5aae03399d7bd9cc42e5fdf586cd8	0	0	0	0	0	0
6c58ae7134e448082da342c41d70b77d	0	0	0	0	0	0
156d6e3662d1376373587c62e5122056	0	0	0	0	0	0
685e8a35489437fe1019481ae0afc558	0	0	0	0	0	0
c46bdab46f1cde2bd7360b03fff03067	0	0	0	0	0	0
0ad4fe93f80cf1ee9cdc926773154ee9	0	0	0	0	0	0
3b958805c958cbc6821e38e31206e2f4	0	0	0	0	0	0
2d6b978a7a72767490ab2f944333fa59	0	0	0	0	0	0
b7f5b21246c7224f3f36c86f054b15b4	0	0	0	0	0	0
5b1792dd78c4f93986eae2bec58d7dd5	0	0	0	0	0	0
5c6e997f83c922d5089266c3a72cd0e1	0	0	0	0	0	0
005e88956f0efb5635408a7088d0a4c1	0	0	0	0	0	0
c5a035c3897859aab7e6117119303227	0	0	0	0	0	0
44ff0d6c923ff8c74b03334cffe15ecf	0	90	0	0	0	0
48b01b61a3a8c71cdb838e98ced134d5	0	0	0	0	0	0
37628218bf37a99b64d77f40a31ae417	0	0	0	0	0	0
e049265619881de47cce2778231ef2e7	0	0	0	0	0	0
7aa00334a2439eda234ed44d91c59676	0	0	0	0	0	0
7b86deddf42a2629da116c3552a03bb0	0	0	0	0	0	0
2e7778934d61effc9f845bb5699293dc	0	0	0	0	0	0
88f4d63e143fb3ec9a9a225b1efd630a	0	0	0	0	0	0
4ed1ac1047e78385b2857874a37dd53a	0	0	0	0	0	0
9136eb7af1990cd911e4081adb813965	0	0	0	0	0	0
a966f0872cfb856fc5979879962bc8a6	0	0	0	0	0	0
b06525ee2088c6045a02662cb5beb5f5	0	0	0	0	0	0
d66c5185c0d8bf15a5176c58f8683083	0	0	0	0	0	0
92d33e9257c33cabe7ea4c804c11449d	0	0	0	0	0	0
a1cfea0ed2162ee9afc2dc8ac1101a55	0	0	0	0	0	0
d71ab53fb17a28ed2c1b89a347349d0a	0	0	0	0	0	0
f5861cff16f4eeecce48d9721bc35527	0	0	0	0	0	0
a266bed211826261e4b09ecc664a1301	0	0	0	0	0	0
9ba4b618975472be3c531910e900c407	0	0	0	0	0	0
9a6ac5cc4de2c7a61503e9df82c1d10d	0	0	0	0	0	0
995194c94d03ac9bcaaa247332794e07	0	0	0	0	0	0
4f4dbbbc8cefdfaeaba5041bcd40eda8	0	62	20	0	0	0
73d2eb1cd417c0018513ebe0aa9b46ba	0	0	0	0	0	0
3f093c575eda07d94537be7bc57041ca	0	0	0	0	0	0
0f8e65b05fd4fce2d9e2a3dcae4ad2b2	0	0	0	0	0	0
8c0ff2f0f2cd51958fa609c67204e9ac	0	0	0	0	0	0
a514db7dea35e1f53db2de4a973dc42e	0	0	0	0	0	0
f4a3c0898f1ea3360dbaef9fdad04a7d	0	0	0	0	0	0
6a9133c1894b500b5be204c04bf54589	0	0	0	0	0	0
df62197b329c9c040242e0729cd98605	0	0	0	0	0	0
4613b2841fe9b54d6c46221263ef025f	0	0	0	0	0	0
a5744a7d5d1cb6c43882c6b9cec5c590	0	0	0	0	0	0
f0fa5bc286ac2e54b7cfdc29984afa2e	0	0	0	0	0	0
a9332b37ed36afa787a1841522e0d25d	0	0	0	0	0	0
b9017a276b2be472280a08d6ebaf81fe	0	0	0	0	0	0
1a7e35355efbe59fc7e181ed0beb6990	0	0	0	0	0	0
4dfa1cd3d6dd168be3a1454a375d53d1	0	0	0	0	0	0
7b74c60dd4c827cd0c856337f794a7e8	0	0	0	0	0	0
fac164b3348423c6c421249acbc8a78c	0	0	0	0	0	0
220a5b223fb4bb398123849429d74640	0	0	0	0	0	0
cced2de7306ebdb83be4f70236ca6e97	0	0	0	0	0	0
54b6e5f57fd2332884698221a0f8d1c8	0	0	0	0	0	0
fff505da0befc34b2cf5a59d03d1e496	0	0	0	0	0	0
9c903f905d04d76e20ff7325fffe72f4	0	0	0	0	0	0
4564ff3d6672e736119a0d36b3f2d5fa	0	0	0	0	0	0
57c95362397e67e2a28096d9794003b7	0	0	0	0	0	0
757fa9617aa82808cbf7c0bbf9fc3df3	0	8	0	0	0	0
05708295813422148f014cb355fe5aed	0	0	0	0	0	0
9c6fb9de80ec58abbcb002aafafd3c85	0	0	0	0	0	0
eec7ba8dc416956faa45f9fb861835a7	0	0	0	0	0	0
6a89b822a6dfa40562eced2c234dc350	0	0	0	0	0	0
05cb1899de113dfedfa07b6978bcfdd3	0	0	0	0	0	0
2d5e3537595806bdbaa13843a148d725	0	0	0	0	0	0
4469fbef688162aabfd64b8ccfa3a17a	0	0	0	0	0	0
8e80e5378ee6a8a8497ba5c8379ffd05	0	0	0	0	0	0
90be936d87e6ac42bed5431461d79e85	0	0	0	0	0	0
9682d0a1220497786139febe2ed2eb52	0	0	0	0	0	0
bdb97d3b25010ffe807572bf0f85a393	0	0	0	0	0	0
e800d52e2b60d3de7885f60243bb6e0b	0	0	0	0	0	0
f9e34b8440a2008a02930da6bbe98325	0	0	0	0	0	0
1d23a9f548125dc3451e3e1fd21ad231	0	0	0	0	0	0
df6de8a4b05db62b5d22cb2d11f09fdb	0	0	0	0	0	0
b9391966f48ac2b5f5c205b8ad94cb9c	0	0	0	0	0	0
2a91a453f82491b10716acaa3745685a	0	0	0	0	0	0
5497318e515a8c328a68f95975d9c7d4	0	0	0	0	0	0
ed7f6685c00db495df0ff98bd2c2c08b	0	38	26	0	0	0
87db299526e2f56e8978caaee9e8691d	0	0	64	0	0	0
33ed8088d69892489856e4c834dc424b	0	0	0	0	0	0
2f60565bb8b0dc53dda6f853b92ad1a9	0	0	0	0	0	0
d4e740bc5c2587cbbb188e8e30026611	0	0	0	0	0	0
621ebae3b580bb0733c5fa09bb58c939	0	0	0	0	0	0
eaaf5a9027a6ca13dbae4a45a2796f8d	0	0	0	0	0	0
03ba1234e5f37755a3d1a392b92b17f2	0	0	0	0	0	0
cbffd411abc539e694efaa34f31bc67a	0	6	48	0	0	0
0a03a17201a05fe99f8fa3b7497c4252	0	0	0	0	0	0
3debc5be1de41f435568c593b5adf803	0	0	0	0	0	0
f2b35ec9b9688ef87fc8ffeb1b3738fe	0	0	0	0	0	0
69b0bfb8c3a320738dbf58d725bc3fe3	0	33	13	0	0	0
84fdfad19fd02d8438c62d84266e6f74	0	25	34	0	0	0
43703f150506e6255ac8c999b5d0d3dc	0	0	59	0	0	0
2ad720f1321ec39aa442d0e5b819a633	0	0	59	0	0	0
2ec301e95b3cfdc816b125958385a722	0	0	0	0	0	0
bd6383169ddd32592a82ccdb7511c186	0	0	0	0	0	0
7c032999ff77fda6c0c4b8fd14ae9dfa	0	0	0	0	0	0
c0c30044fc5ef38a74295a140546e8e5	0	0	0	0	0	0
d2efbe6878b5c4df5184eaad17afe04b	0	0	0	0	0	0
c63ffe3cce7758afab3a760641849e3b	0	25	32	0	0	0
fc625be7697cb5e4ab8b88890219c62f	0	15	42	0	0	0
47b3ac7c42bef5b63eef5204a7349d05	0	0	0	0	0	0
208b28e6a73d8135ffdb0c13d7b92ca6	0	56	0	0	0	0
8ac23bc05ca285fe8d3bdaf861f9ca23	0	0	0	0	0	0
cc7762d7f1b2fbb41fa7cac7a6bf6e16	0	0	0	0	0	0
4ef8d94dc642825e42346f2b4892d797	0	0	0	0	0	0
e75554236becfe4cf42e4001d78553c8	0	0	0	0	0	0
a7451eb0d223b8074b414fb7a7e621ad	0	0	0	0	0	0
dfb0e9cd23a872e12d11b33bb9d8fc2e	0	0	0	0	0	0
5a90e7ffe242256a5c625bd072bb3337	0	0	0	0	0	0
d2486c9c531c1b573282ad817110bc5d	0	0	0	0	0	0
7aceec4098265b2bcbe78ce33eedb20e	0	0	0	0	0	0
7b22cef87adce3afe42aa0857a7306b4	0	0	0	0	0	0
06d6d209ce0b240d7030d19fbe3a6994	0	0	0	0	0	0
e46905eee51c6ab2b832a392fc37bf37	0	0	0	0	0	0
8a7d1e5101d6f4405880d42b7194b799	0	0	0	0	0	0
7b6cf08b6602525d23e012b949495429	0	0	25	0	0	0
7c560d8c49e4c6e7a79a93c01d9ef80c	0	28	24	0	0	0
8e37e01ec829ec68def628042e159a55	0	0	0	0	0	0
e38e782bf3d481cf0be6e23668dc08d8	0	0	0	0	0	0
e9bbb12fb1e0becba1e41edc56e7a6b2	0	0	0	0	0	0
485762797dedd113f68eba330e059d0a	0	0	0	0	0	0
bf4981bce64d55eca19ecfcbda4f0370	0	11	31	0	0	0
f42174def32779ec0a703ad96604de3a	0	0	0	0	0	0
ce938775d2a1f3e68f1d31da110dfd28	0	0	0	0	0	0
de8a4921954a6a86db4dd3eadc4404e5	0	0	0	0	0	0
517623a6552fdaf9cc48ec6a0d71bf0d	0	0	0	0	0	0
489908143e8e4b4a65fed4ad6be9bad1	0	0	0	0	0	0
e2c068dcaffc0ed4ad7b7bf150965316	0	0	0	0	0	0
b4761a70d4693827b84609a5fd6c4d15	0	0	0	0	0	0
1306085c8edda6a3dd5bd814d7ff3f4d	0	0	0	0	0	0
9bc889ecea2ce9131ecaf4365b3aa0bc	0	0	0	0	0	0
4d4b70034f87b09264da8b91cd73fddb	0	0	0	0	0	0
a17f5932a257f18213e56f7dc4eedb93	0	0	0	0	0	0
f1975c4d441232fb7539c0f4d74617ec	0	31	15	0	0	0
b2baba1c607551e58e082c92540752fc	0	0	0	0	0	0
64cd2844d927af8334a1857cbf205c51	0	0	0	0	0	0
70ec0112de5486538b1c068f737e71be	0	0	0	0	0	0
4ce67d771fe134cba79591db7d50fe0e	0	0	0	0	0	0
469e14da1db984ca51080e60ba92bf99	0	0	0	0	0	0
eb241f2556d21505cee4580dac4d81a9	0	0	0	0	0	0
9fad4dbc229b785601e86eb6c1591eb9	0	0	0	0	0	0
0de30983620cb3859777001b01b36d72	0	0	0	0	0	0
0c132b1f877123962b5433f70241107c	0	0	0	0	0	0
f403dd9d498dabdc892538a4a5b408cc	0	0	0	0	0	0
54193c259813eaff1685a86d73eda16c	0	0	0	0	0	0
2d1ac4ea6a5928bfd246c20b08ec9c02	0	0	0	0	0	0
e2f9a69774e2bee0486b1626f48d2ead	0	12	31	0	0	0
6121e5cdb6f6374446748003af92aac5	0	0	0	0	0	0
8686c01bafe7e7c04076dc841aa71031	0	0	0	0	0	0
b32946e800b3365ae1dfeb8dfa9f63d2	0	0	0	0	0	0
dfd52afabbc8dfbb67fedc71278d76aa	0	0	0	0	0	0
50000ee1309c8b1836c5c4614d807ec6	0	0	0	0	0	0
0447691c5a1f7842e3766e16f485a6ad	0	0	0	0	0	0
c140455070ba31b2aa718520704af29c	0	0	0	0	0	0
9b2e76219f3cf26a129708941cdc82e0	0	0	0	0	0	0
9eadc929a5627b0d07ef825586636515	0	0	0	0	0	0
f6dffcab15c9494f1e9bb5983b1ecfc4	0	0	0	0	0	0
7c71f171f9f86a3a0ebafe6f43f75ff6	0	0	0	0	0	0
0ce94a6fcb00c826ef25141828cbad41	0	0	0	0	0	0
ab20a2ae31f3078aae2bdb7637ab637b	0	0	0	0	0	0
3386ed4c5f410a1bac909e9d2b23c2a3	0	0	0	0	0	0
2c5e57709ae89eee68eb98fc190d26c5	0	0	0	0	0	0
dd6a8ec6ea92b8d0fea56db6b47758c3	0	0	40	0	0	0
a49c383a55c704d49014d90aa4e0aa47	0	0	0	0	0	0
07bd5c1761e47b23e567b11a0d28b3be	0	0	0	0	0	0
2cb6483c6e3fe479798101eb1ead91cc	0	0	0	0	0	0
64337041f05b01edb3d0c18d71ef6c1d	0	0	0	0	0	0
2b868acb906ca5a23d3950b48894cd70	0	8	11	0	0	0
de890712310124588ae21ca491a394bc	0	0	0	0	0	0
052ba7abaeaa968c4f79e3f97d1f0a2f	0	0	39	0	0	0
cede2e46081113c53c5413d26de0f12b	0	0	0	0	0	0
e5dbb18f927334c758227df1db301ee7	0	0	0	0	0	0
34f2dced1f3d12aef89b8c2894f54244	0	0	0	0	0	0
88e7f4b448a94f23c2434ec82979d016	0	30	8	0	0	0
1d4d7689161094f1e7d842fa48eda923	0	0	0	0	0	0
eec84d299e35d6849ab4bee59a47802c	0	0	0	0	0	0
62611dedc42201591d0c89973f903dde	0	0	10	0	0	0
8765d8655436cec101ddbcedcb16bfa9	0	0	0	0	0	0
8e7076e0803a1f460268b810202f6876	0	0	0	0	0	0
d02e3483f856da80e38ce66a106cec70	0	0	0	0	0	0
8ef22ced35a48f854cd7d877c3e65654	0	0	0	0	0	0
b1904e87f346a43ae524c1a3fc8115a0	0	0	0	0	0	0
686b622fba2419a8b98957dd7d04c52a	0	0	0	0	0	0
d0d8975fee656ebd3c2ca15156ffcc7b	0	0	0	0	0	0
2dec03bb16db2d133d91f769f9964bd6	0	0	0	0	0	0
b02a8d33d018119dedb2db15db887bfd	0	0	7	0	0	0
26d02f64713cd3e255a333557272fd7e	0	0	0	0	0	0
036ce278a37f938d8130f32af997a169	0	0	0	0	0	0
892f479bf0afc5f3d9e5ad656107bf46	0	0	0	0	0	0
b01d9dd10f98a240f01cc643003a2f89	0	0	0	0	0	0
30cf88067273122c8ecd817731e6c94a	0	0	0	0	0	0
17aa4a4b8ec12227b327784ca0d0d6ea	0	0	0	0	0	0
b34b9f9af57cc5d64fa0590f163b9770	0	0	0	0	0	0
516c4318d69f8934f0f32b821ec6f390	0	0	0	0	0	0
805298bbb4bb814d29c96c3fa1b18b9a	0	0	0	0	0	0
54779f54f720ed39437dda6e1c2e6c27	0	0	0	0	0	0
a66624b770b00882642a2087ac28cd99	0	0	0	0	0	0
e277a74232d5b221ca58c64797ae674a	0	0	0	0	0	0
2881d115c7b437bc777af92959e03eb7	0	34	0	0	0	0
a3c85e61378109054b1c40c7f561d1f5	0	0	34	0	0	0
6d3d010376e52b801f005bdc4229bb7d	0	0	0	0	0	0
eabe515f4d3bb25409195900ebfe2509	0	0	0	0	0	0
c879284867fbb34ca99e048739592282	0	0	0	0	0	0
4eb512b99702793907365c13f13b21c2	0	0	0	0	0	0
f418f3f9e1df4b032c82e3649b45bcfb	0	0	0	0	0	0
83f82f2e37d63e5b6d541092f6b5c825	0	4	0	0	0	0
411727d9af8e4a45833da6931ea3e92a	0	33	0	0	0	0
65248b1d7934168965d70e1652f0b7bb	0	0	0	0	0	0
7914febd4818c2b4737b87f9524c558e	0	0	0	0	0	0
e084528bc3b33f5a7c77be729d2aa20e	0	0	0	0	0	0
5a110ebff4f0baf30e454c7cb87107e8	0	0	0	0	0	0
04dac2e0497cdc1340d4c10ddcec5e5c	0	0	0	0	0	0
b7f3c17cbf0f248028d68808602bfe31	0	0	0	0	0	0
c233f708a3ff198b2f6d0a937e5d6da6	0	0	0	0	0	0
df0702e3020ccd653b194a7b18031034	0	0	32	0	0	0
09d51a76a2309c742fc27a9dae672632	0	0	0	0	0	0
08cc58229560d52139d318678844fa1d	0	0	0	0	0	0
3a38a1ab189b7fa30155678f6715a1b9	0	0	0	0	0	0
663a21518174d308b37f96686fe8f4d8	0	0	0	0	0	0
b7d2abe1522d441583c1892713de84e8	0	0	0	0	0	0
aefee5bc52e9799c6ab5d26fc931abdd	0	0	0	0	0	0
ab6c18f88d5dbfb2528ca89ad178b171	0	0	30	0	0	0
26a8b4b4b23102b22f229707ba6841e1	0	0	30	0	0	0
71e3f609e311de9dcbb043d15f288f6f	0	0	0	0	0	0
ec3b3fb5561c7f52c95cb4eca383cdd4	0	0	0	0	0	0
ebc844ec2939da02432e6153ec5ea3a1	0	0	0	0	0	0
3b5edafdb2fe3a9129142c750ceac143	0	0	0	0	0	0
b8296f2d54a51ced282ddb197c427b86	0	0	0	0	0	0
c086f384e3c9c441532a4e41163eb552	0	0	0	0	0	0
2c48b248a8b0985dad2c5b2c43afd909	0	0	0	0	0	0
2cd4dad4b13b9ec4060a338100e64688	0	29	0	0	0	0
8216a22a3792f845aee428c4cf484e6b	0	29	0	0	0	0
442dd0e1aa8889dd0f770017fc4c14c5	0	29	0	0	0	0
d6c7baae524d91573e8f42f104fd79d8	0	0	0	0	0	0
ed29e839568ec3d8679eef1ed1e70ec3	0	0	0	0	0	0
c48aba75bdcc29855d9102212b318d07	0	0	0	0	0	0
d971c4b3770f119445bc4fb0fe6bee37	0	0	0	0	0	0
20e86779bab0c84c8197c523b4422585	0	0	0	0	0	0
2cb87a4b34e5f1ab667a26438195f85b	0	0	0	0	0	0
0aa6767415c3c1d08d147c80b16ec596	0	0	0	0	0	0
90999265db1b82992864834174c6fc80	0	0	0	0	0	0
b4ed8ec9d3313b1ae0b929812511444b	0	0	0	0	0	0
0224cb46c7dae7fdf7f8896339e19caf	0	0	0	0	0	0
b863aceee095f4448882c0dd7b59fdb6	0	0	0	0	0	0
a9c1a3957a756a6440bd6fdf4a869435	0	28	0	0	0	0
54b6aeeefa65789118ef4baad40ed37f	0	0	0	0	0	0
10213b3a51547a5cedec7c45606c5482	0	0	0	0	0	0
9ae018d370131074de2aeff655203850	0	0	0	0	0	0
fe1bfce8b0f7c46f9e114df746f986e7	0	0	0	0	0	0
8c24fd7384f2ede59484e85f12a1b0e7	0	27	0	0	0	0
7ceca480cc5335ba50e2c56fc95612ac	0	0	27	0	0	0
df84fc8bb4693ad5e425dd42a2e8ee08	0	0	0	0	0	0
c66e1d7a5ac0a7bd8b7daf739c3c80fd	0	0	0	0	0	0
caa50d6a42684be245980d4672ff34a6	0	0	0	0	0	0
d205ec9a36020ae234328bff5eb0f9e5	0	0	0	0	0	0
b3639bcaefcd8e59e22e42c1181ce4dc	0	0	0	0	0	0
9960b20e17a6ebd5bf31b249c3503956	0	0	0	0	0	0
693981ccc1f981b25d56ebc4cbd68174	0	26	0	0	0	0
62c1361fa0c851ce9fbe66b9c6063874	0	26	0	0	0	0
bfd8d2f2b0b992e8c03cf25e26e381f9	0	16	10	0	0	0
daaf1dcd4397ba16628c85fd9aa064ac	0	0	26	0	0	0
cef3ec95c42142ef2745214b8b46a46c	0	0	0	0	0	0
71b52073dd79f2210d66f619f854a0ff	0	0	0	0	0	0
005ecf6f13dfbd2b76943cf6b5440ce4	0	0	0	0	0	0
c25fdf031db34d217492b45bcc5eed0f	0	0	0	0	0	0
594f42b71e9b811a6d4e0ec82a349704	0	0	0	0	0	0
78a516b821a2752405ce47817ceef484	0	25	0	0	0	0
c96daf0b1e14b3fb87b77485e364ea1a	0	25	0	0	0	0
46302ea4e0590dd2784c8f7376c9784f	0	25	0	0	0	0
acdc9deceac0d7c9722125d9d01fb910	0	0	25	0	0	0
6e4a642dcbf3f189ee88a801a7ba02b4	0	0	25	0	0	0
e47b11ed65b62e4d71930f884a2dc54a	0	0	0	0	0	0
11815a56ca4cf42b730bcabb53dcbfa3	0	0	0	0	0	0
a7133f4c26b3dd9382d50cc6cf79ad50	0	0	0	0	0	0
07402a6f79ddc806ac7b0cf1afbca84c	0	0	0	0	0	0
5dded9a2dfcbf1032d7d542c1e473e5b	0	0	0	0	0	0
a07084e635a6f89c0e25cdda6f0710e5	0	0	0	0	0	0
2ba922108b0ce9a0c374d2e6721a06af	0	0	0	0	0	0
e93840a81b4838317473389ae04bd0f2	0	0	0	0	0	0
aada7513302f628234fb28aa2c3995c6	0	0	0	0	0	0
b345b6b957c79127a389fd8e9f92dacc	0	0	0	0	0	0
7662b2dd768cd1e3f5a731fa721cbbf0	0	0	0	0	0	0
b7f0c9fdfd6bc028c76b8a27c1703b2c	0	0	0	0	0	0
3aaa8ef35144b7d5d4f8c2e51c0af765	0	24	0	0	0	0
40d2bbfec7da1eed2bd1e5d9678d6a49	0	0	0	0	0	0
7ee32ffce6601656356752a04aab58dc	0	0	0	0	0	0
70f44d5be2253fb647758565454921c9	0	0	0	0	0	0
fab84ef593ebff4ad6c8e2969ffc1f56	0	0	0	0	0	0
eace1e78c0bff65807841c555934e39b	0	0	0	0	0	0
11e4631d41bc560f476a9b6c68bb38da	0	0	0	0	0	0
aa40a371a811e51f0502ce4581858669	0	23	0	0	0	0
3920a2d002da6e05a3ef70841b1f510b	0	23	0	0	0	0
3678b84631cff6353d6fc0e05cf99a2f	0	23	0	0	0	0
6825606a1cea0a7dd111f96967b3677a	0	0	23	0	0	0
e69088961d92b614c5dccf77538a2a35	0	0	23	0	0	0
fea0bfdfe6004627df719a85d2cc2bff	0	0	0	0	0	0
0d23d485b6b9bd2ff3519bbc312d85cb	0	0	0	0	0	0
7eeecdeb5a3e664260edebf431da3d22	0	0	0	0	0	0
999ab78a42e3c988bbb860261778b3ef	0	0	0	0	0	0
2ca8a4e6bc7f8e8ea59072c3be04f8ac	0	0	0	0	0	0
85cd953475db9315fe2618a5cb48f940	0	0	0	0	0	0
17e674ea4b924f897dba78ec5cf78776	0	0	0	0	0	0
aa15ec5479cde6d5381cbc99a0f6a59e	0	0	0	0	0	0
d94c63b24025f9b1bdf233fbe305b1a2	0	0	0	0	0	0
1c3a4e2436a4f4a9aca5c60fe3937ed7	0	22	0	0	0	0
f04b5e14533acfecd6ff5984a0c61b7c	0	22	0	0	0	0
d13cfb3b4300a91abecee145153ffb01	0	22	0	0	0	0
922a2df3ac48505e198d42fe0ba38255	0	12	10	0	0	0
6a22e7bd1be345593397a2156c85fae5	0	0	22	0	0	0
a3365000f0204704644b19d3663af398	0	0	22	0	0	0
58b6b0e27953a52ba4fd5ef202575d90	0	0	22	0	0	0
385b23c95501b2fbb414cac400704ad5	0	0	0	0	0	0
aee6f37f7e3b9e371c67169407603285	0	0	0	0	0	0
9db2817f5c42be6a7bcbca662959982d	0	0	0	0	0	0
396fc5bdd5f023b0489d50aa20ab5f7c	0	0	0	0	0	0
2c51568a95281f440b7b0ea4aaecce69	0	0	0	0	0	0
891c890e026d9e8b133ad228e3a32c87	0	0	0	0	0	0
2a8a2db3f2ee0a8d00528f4de83426e4	0	0	0	0	0	0
5fd5b6c4f5ee77c2b5c8cc76ffadfd34	0	0	0	0	0	0
b55153c7433512547a37634db8be95eb	0	0	0	0	0	0
db03a76a2cb694e83912078d4c711349	0	0	0	0	0	0
51330c8a850ef28c6479c0d430e45f21	0	0	0	0	0	0
aadae5fc6df6a1169c7c5285d3f0c016	0	0	0	0	0	0
9e30813ea86f69fee12df47b41c0be0c	0	0	0	0	0	0
1f8d84e474854609fef6922a00018e9e	0	0	0	0	0	0
604a58d555abc6aba41001b13d4b4e76	0	0	0	0	0	0
2cc068886d056c052b416ba4e8ee0fbf	0	21	0	0	0	0
85fb9c99e2337e98474353e66280ade3	0	21	0	0	0	0
c8d5e475cdaaf44972a11f52505c2056	0	0	21	0	0	0
596aa63037505c250c7e95ff32d7c791	0	0	21	0	0	0
c00fd468565bb33a8bfb144fd7d312fa	0	0	0	0	0	0
bd8392da6aeca58897fc08e7c8b4bf1c	0	0	0	0	0	0
9a7e03acf130551dac21bd2b858c7883	0	0	0	0	0	0
12b0247a20eac28b1397edd52ec165d9	0	0	0	0	0	0
f341014a1ee6011d77a53ba93f851506	0	0	0	0	0	0
a4c9b9b48129158455ceed9dd7057391	0	0	0	0	0	0
828c68ef0457298943fc67c52820ea7e	0	0	0	0	0	0
c373f6c9269538db5cbba2c630b7d21f	0	0	0	0	0	0
e54a9da8cd188ede5bd3d3c960d08713	0	0	0	0	0	0
b2b110aeff65098a7464cf169f385d81	0	0	0	0	0	0
0d6679a487c4b141bb594c7724ba150c	0	0	0	0	0	0
8f6c77522bc3ff615b0d4acc4832ae80	0	20	0	0	0	0
20027e9ae89ccc0d8c5414bafefcefc8	0	20	0	0	0	0
74501afe1f08cc7b087bc698335c93a3	0	20	0	0	0	0
2923e9ba5681694b3d1a6fa2f642d902	0	20	0	0	0	0
049413eb039a39869ed42cbd5b6d1210	0	0	20	0	0	0
ac1cf85b6eaff1a49ecffa07fef5373b	0	0	20	0	0	0
a508eb6dc18b6f99e4abe247f050e586	0	0	0	0	0	0
b667000eb98cf17e5345425d7c1222af	0	0	0	0	0	0
626d8bdf07e4efdd212614761f40b7ee	0	0	0	0	0	0
0ca8fcba50419ce632046bab9c1648c5	0	0	0	0	0	0
a9318f114fd179e85f8c5c5c888ea324	0	0	0	0	0	0
876ed260be5f69590ce1242534b48054	0	0	0	0	0	0
c165f2659b4e75cea0b2c361db151408	0	19	0	0	0	0
b96658b87198639def6f2cf24d9c3f6e	0	19	0	0	0	0
57d8d51b95f63286e4d6a78d7da6c9d7	0	19	0	0	0	0
b60a18a38d2ab638a33898080b5a9952	0	11	8	0	0	0
2e05b3a7162aa5ac3f4dd437f1ff6111	0	0	19	0	0	0
c6d4a3ad6cdd1d4baf47a2803611c2f9	0	0	19	0	0	0
03c428a7fdf7c1cca088d77ba1e23368	0	0	19	0	0	0
3678d26eb8e3fd26e603acd051347085	0	0	19	0	0	0
df3d6113f855e22f2a6d44e60f01baa7	0	0	0	0	0	0
7667e4d81f241d4b4f5e3f41a9852afd	0	0	0	0	0	0
ad5b556e4a565e894a9d1a33376f4253	0	0	0	0	0	0
485479391a06337e6fe6b53c40ae8f05	0	0	0	0	0	0
4591bf08332dcd71290e0d5a99764271	0	0	0	0	0	0
95571031f42e2852e5f636331270c38d	0	0	0	0	0	0
313a05bc69e5052793061fec5858a90f	0	0	0	0	0	0
f76d879f129c58498862202dbfd9c455	0	0	0	0	0	0
da9ff4db4810cade0cb4b29dba72dff6	0	18	0	0	0	0
4f4b33e4b640ec72afa94cff60e79e4d	0	18	0	0	0	0
58ee2fd8b8058aae2c9979e6e6ffb190	0	18	0	0	0	0
613833c6ea0860c039b7b5feb59cfe14	0	0	18	0	0	0
69920c7eb1274d513fed54d4899b6357	0	0	18	0	0	0
1bea1a531c996cb627141bb0707e58f6	0	0	18	0	0	0
a513cfe92e1c9d97f4bdbe64b07c5e1c	0	0	18	0	0	0
e52c3857aaf53c70511cb6c9fca96759	0	0	18	0	0	0
c0b86251ecedd8b946a904237dc937f4	0	0	0	0	0	0
bc8be8577f236385c2dc8186e7fc836a	0	0	0	0	0	0
08a3a47ff21f51acd9f69a7b1424e570	0	0	0	0	0	0
696ce56c9b0e9ad664491ddf8076146a	0	0	0	0	0	0
216be78283fe857d0bd7ffdf100aa881	0	0	0	0	0	0
e58731e170ad6e4613c074cbba19e469	0	0	0	0	0	0
999c2db9380429047ae9a1a036d12d1d	0	0	0	0	0	0
724f4ac54f953305e4781d784596bd55	0	0	0	0	0	0
965199f9efe53fd5b54993d31cef9ce7	0	0	0	0	0	0
1b642f9bb5262c62b22d11c304789b87	0	0	0	0	0	0
991f7de7fa94faa096136b515ad172af	0	0	0	0	0	0
ed634188663399aa5427b51dc3496ecf	0	0	0	0	0	0
8aad306458969d493f22f59d26aa4e76	0	17	0	0	0	0
3a0cc0f1955f6563f624ec4a6d34d161	0	17	0	0	0	0
d7d3ee80ce4408b7c61b6b7ffc739bde	0	17	0	0	0	0
1f2589ae0d6517117069dc4451f71327	0	17	0	0	0	0
192f29f02c5261381d6a33455d0c5048	0	0	17	0	0	0
b093c00c7f79237e6cc18b37b23f1bbd	0	0	17	0	0	0
e70b658eacf61370f95cbec760086b0e	0	0	17	0	0	0
ad8bf417b52058e4ac416e9cd44657fa	0	0	17	0	0	0
67ef14d631429af34c8ff2d232837ae5	0	0	17	0	0	0
63e0c05389b96fe0de15f37fe7beac8b	0	0	17	0	0	0
bbc83a06593f362dec5cde5e8ecf0877	0	0	17	0	0	0
cc01baddba984012656249cd316426d0	0	0	0	0	0	0
66fc65b3d7b94b137a7862de49ff6263	0	0	0	0	0	0
1366b46d2c2f1312fe2ac1bac24a53b3	0	0	0	0	0	0
8b8290677b2979441ef5436d8a3d3986	0	0	0	0	0	0
e86bf50d7c7ff0761f5b5fd12c0a0b6b	0	0	0	0	0	0
60c9c408d15baa6601988c60e63d52f5	0	0	0	0	0	0
f789c1875a94ef3e561ed43284fb11dc	0	0	0	0	0	0
f254798a9126b7437d34d0285618d6f9	0	0	0	0	0	0
9c6503f75c3bbde60dd61691901caf69	0	0	0	0	0	0
d85ae49cc03022ec0ce9f42ae9e44ba4	0	0	0	0	0	0
46162483420af62bd83f95e4602c798b	0	0	0	0	0	0
ce68d24fb386045ae08a06d887417f85	0	0	0	0	0	0
f3097abb1de1d901d5759cfbae38ae79	0	0	0	0	0	0
c4bbba5881c651c164f497c69e6056e4	0	0	0	0	0	0
45b814669e2719762a6d256dca8a3969	0	0	0	0	0	0
472360d495d60fec52fd149e91078962	0	0	0	0	0	0
a6c0f44c18cc7f5a59e4e82ae8179862	0	0	0	0	0	0
4e97b09c01674f228f232cd6dc7288d8	0	16	0	0	0	0
81259464ed38663970b40820f8f6dc8f	0	16	0	0	0	0
732722689b8f311a0bc495f6583e99f5	0	16	0	0	0	0
bf78c837f0cfefce5b0b0a82c78fc19a	0	16	0	0	0	0
b164e20cdbad3cc99c12e2f0560ce300	0	16	0	0	0	0
19b90bd56919ef20fe45183186e30f06	0	16	0	0	0	0
f6c3a9ee599e5d16931ca1fe8e1f4e40	0	16	0	0	0	0
8094adef14ea25b787ac761e19b446e4	0	16	0	0	0	0
e0277c5254f9a7a1b9a87dc81e3dbb2c	0	16	0	0	0	0
4b5d598382616cb9ca393cf4bc2b9548	0	0	16	0	0	0
de6488de873ec9b2dec2019a3955497b	0	0	16	0	0	0
d1bccdacbcaa1092d9981dc7fe9d5091	0	0	16	0	0	0
4d2e533c49e0e4857258a4988483357a	0	0	16	0	0	0
01b917c1e8e6b2253cc89438dd2738ca	0	0	0	0	0	0
c5ffa14aeb902b2af9ef74c89f8de024	0	0	0	0	0	0
ad6142e1c70aa948ed4dd67ed09ec655	0	0	0	0	0	0
b487035b586ff915d5508ef6a37e35da	0	0	0	0	0	0
cc1b42c6f15f9e762ee6a74581137809	0	0	0	0	0	0
20815ea38c4bdcbf4e2cc9b58a74f4bf	0	0	0	0	0	0
c042b5ba7ca78abac496f66192283ff9	0	0	0	0	0	0
03ebce6fe4e546b04ca9382d63b56d5d	0	0	0	0	0	0
4d93383d0d775f7979f2fbe804ff9997	0	0	0	0	0	0
d7d650975cf318371d55cd5480ba1820	0	0	0	0	0	0
8b4c3a3a505b1f2175124e590ad545e9	0	0	0	0	0	0
21dc1bc2fa21a83332cf46084d8ff5c2	0	0	0	0	0	0
a379fd78bef65179a93cf4243b78b5ac	0	15	0	0	0	0
856eac02d6ca0bdb906af549f3989181	0	15	0	0	0	0
c49cc7c2c45bd7a87913453e515ea14f	0	15	0	0	0	0
f3008c00cc8ec2facd489a6022af80f1	0	15	0	0	0	0
11eb23b8648fbd56631d56cbaa7507fe	0	0	15	0	0	0
95186e7daca6cc1c31d5cbc07cc977bb	0	0	15	0	0	0
7bca6d7244dec84e86cf974404ff9489	0	0	15	0	0	0
3c957768c2d2cb3fb4e600fa625927c0	0	0	15	0	0	0
e9398bc0ad9626bc4742c93fd0363bac	0	0	15	0	0	0
259602c775aa2ce45e9ce6672a282ad4	0	0	15	0	0	0
ab697b59f0d3ef047f587ce87220f76f	0	0	15	0	0	0
aea45154f320bf0246f241f29139383e	0	0	15	0	0	0
060ca05d3531f408be4c870c126af622	0	0	15	0	0	0
ecd6bdeb8f20506ead5c0eb2a83ad8e9	0	0	15	0	0	0
fa2729733555d38def31536ec2784e82	0	0	0	0	0	0
8a40fd4363077417666771a9394aeec4	0	0	0	0	0	0
c0b44e57cb4fadd9e44eaecaf0c50015	0	0	0	0	0	0
f271db3b24381e30bd4c9ac31bf09c4f	0	0	0	0	0	0
9cfc246616eabe35e7722954f42904ed	0	0	0	0	0	0
41dd9539a67b81350b181c587e19a8f6	0	0	0	0	0	0
d8ed7e9258c2668327753e6e481856c4	0	0	0	0	0	0
21a2f0c5cbd9a20b500e7a247126640a	0	0	0	0	0	0
be172955b789fb58d792d8c6d5c77437	0	0	0	0	0	0
ffbf4ea5fc3649bbc5eb6ecc6699a350	0	0	0	0	0	0
8e04273766123b4aa43812954866e337	0	0	0	0	0	0
1fcafa128d31e27394ce5586cc771b31	0	0	0	0	0	0
7c029cced5c4eb3c52a9521300b3c814	0	0	0	0	0	0
99d7f0b21ef4f9dfee1ea7423a95a15d	0	0	0	0	0	0
12d626ed637f669db41ed998bd3aebda	0	0	0	0	0	0
7be7c0f56e48a5ed6416cd439f0452c2	0	14	0	0	0	0
5d26f308b35bd9174fc8bc445521d30c	0	14	0	0	0	0
50b5eb95accc90713c1fae9402bc5eb7	0	14	0	0	0	0
dfad4b7216cd17f0942eb7e443e1ab6d	0	14	0	0	0	0
365c8f518e86e3bab09f4d5e36f11e88	0	14	0	0	0	0
da1fafe8c69aca70c32d5de537fb8861	0	14	0	0	0	0
59c755ebd91fb82876df4ab11bda8854	0	0	14	0	0	0
535f1e5956a3e98c1c2330ed54d19df2	0	0	14	0	0	0
6391bb1ca4776995ca6be6d0eb3887d0	0	0	14	0	0	0
00a012425b908ac52ef5c3de2c88a0dc	0	0	14	0	0	0
16888fb87c90363274f91b5ad65915ee	0	0	14	0	0	0
1dc9265700ece33f3553fd71255162a7	0	0	14	0	0	0
f021f56942555897cdd653c4ddb5c8db	0	0	14	0	0	0
0c70fbbe753b83288d48ba5bd8bc7043	0	0	14	0	0	0
6f99fa24539efa1d4d9276ce58c13151	0	0	14	0	0	0
14bb6ce45646032f2be88888fc9d5cc6	0	0	0	0	0	0
ca2b3f0929859cb20a5a511dc0cbe859	0	0	0	0	0	0
b49b29f3e77c55a438d499c47ff48608	0	0	0	0	0	0
c5d5a1b8c6f22002c4d2437e48ca7ad0	0	0	0	0	0	0
d4c440bc86c9e47b16c475f947b52969	0	0	0	0	0	0
626ac32e38a2ad7c9035123a6353162e	0	0	0	0	0	0
95b4bd299fb06af319b4689f015269d7	0	0	0	0	0	0
10a1c37cfdaaca1d25fde2209c58820b	0	0	0	0	0	0
647fe99b21da7fdc24719659f033488e	0	0	0	0	0	0
f1a686f8367b1fbb7cef4834cd553b85	0	0	0	0	0	0
2444d8607e950e56e2a3c7e47164f416	0	0	0	0	0	0
916cefcfc4f1b98f493d771a168af1aa	0	0	0	0	0	0
18c8f940e2b624c972f557ff878a90f0	0	0	0	0	0	0
054b40b62369eda36c01330442016042	0	0	0	0	0	0
705898a71409ea3d74d4c1930bb89350	0	0	0	0	0	0
9eb615aa5c1225d31d3dcce86870cf1e	0	0	0	0	0	0
4505152beab1b3959e57e5ada546cfc7	0	5	0	0	0	0
fcd9c1f3125113e51cbdf952a0ba49bf	0	0	0	0	0	0
1ed741fa974bb0610a71b3757553f35f	0	0	0	0	0	0
82a6065b856c9299fca4054c5b7561f4	0	0	0	0	0	0
9ee06c215230cf8ff30e79f42875f878	0	0	0	0	0	0
032b60aeec509e3f01eabe5795fee4b2	0	13	0	0	0	0
7edd5036cada4c421b445a2a4163eb60	0	13	0	0	0	0
49f8a451265a1f6084d5a9445a874a7e	0	13	0	0	0	0
8550667647b9b47e683aa897e554cfb9	0	13	0	0	0	0
b56430f43175794f230c5b498682dfd5	0	13	0	0	0	0
61366b7b0708c0fe55844adb5b2f98f9	0	13	0	0	0	0
a3be55c5ae7a973d39b0ff17193f0832	0	13	0	0	0	0
15fa7ecd398e8b4600184454740019df	0	13	0	0	0	0
aa0e9b5fa4dcd0e9101065524386bb7b	0	8	5	0	0	0
b71110205d85dcc21cc3e47ae919ac86	0	0	13	0	0	0
8dc184032823bf7b120b2be04a4b11c8	0	0	13	0	0	0
6f717e24a0aa9174962fbb9238353c89	0	0	13	0	0	0
14bb25f7a523582bf760c376da9f3674	0	0	13	0	0	0
47e9bba49a244015b7000c189d497f2d	0	0	13	0	0	0
2aca38ab4c33b50c50c873188dab4d7a	0	0	13	0	0	0
7b9b6a7afc78fc8c7221144b5c2a169e	0	0	13	0	0	0
e3164722e5d54ea643d48e27da373d60	0	0	13	0	0	0
dabd8cc7c34af3ec1db75ff093db02ca	0	0	13	0	0	0
1b5e8822d88da05d73809b8f043f753c	0	0	0	0	0	0
fc43822dfaa3ffd608dd5a78632988bc	0	0	0	0	0	0
f16b474ce2b4e6f05fe56dceefffcf62	0	0	0	0	0	0
31c3125ab8ce5368ddd94e33f92a3738	0	0	0	0	0	0
ebdcac523f0ffd024bd0d4c684d5e028	0	0	0	0	0	0
e4e0743c9f7c93a47150d957462ddf3c	0	0	0	0	0	0
6bca2ed4b6366b0f94de7169126336c4	0	0	0	0	0	0
a645d3e95e1b9e5ae0924a6609413dd7	0	0	0	0	0	0
59e0adce7c2a722edde3bbe2b9627056	0	0	0	0	0	0
f08a696fee7cc64b82920722d9521725	0	0	0	0	0	0
3c548fd97450bdc124c04149305b6ed7	0	0	0	0	0	0
4e237e6bfda19eff422ca66b346a6366	0	0	0	0	0	0
90f7869eabe96beff7d9660d94c24533	0	0	0	0	0	0
7777aa289be592da0b61d8c9fa1234ff	0	0	0	0	0	0
aa605484b6d390babf1e378c7b76369b	0	0	0	0	0	0
008d857ed1a3ce5af2e3c9ad3a57941d	0	0	0	0	0	0
9d426af1a2bca4cb8b77c16657c7fcec	0	0	0	0	0	0
f359d6b12d6df77fce3684238719e6c2	0	0	0	0	0	0
e194ec20d9bf0bbf1e90f89f6f4c25e0	0	0	0	0	0	0
706b75ae0f2f21d1309b7b00259feb3e	0	0	0	0	0	0
01b706e52b74ab2e5012df327c1e64d5	0	0	0	0	0	0
8d5613fd77eb546f5542922c03ae650a	0	0	0	0	0	0
979ffe536e9cbb30420acddf834b985b	0	0	0	0	0	0
70e073dab3a872af55d4489a35caaaac	0	0	0	0	0	0
7deccfdd7461834a13f3b2e5c25667a5	0	12	0	0	0	0
a3b8477a38f9d8536aec85daa653e333	0	12	0	0	0	0
d9a3d6fce50d5c8884b87423b073c534	0	12	0	0	0	0
68cfd69cc6e25a49b67a413eb32de9fb	0	12	0	0	0	0
81d57f78a0e665a0e5c282b0443adeec	0	12	0	0	0	0
952fa5e731de21e1f8f8f3bfd7029c96	0	12	0	0	0	0
fa09bf2d046bc1573940a13e6979ae2b	0	0	12	0	0	0
114ed5385c056155d9a9f53efdb1dd9c	0	0	12	0	0	0
b5da0fe924db7ae7c9bfcf78f78ba895	0	0	12	0	0	0
b416ae5761cd270e7d9483a0df0dc33c	0	0	12	0	0	0
2cb79fb3fe8a2dd6b94da4ead3a451cc	0	0	12	0	0	0
bc03d90613ea45736570087a9114e891	0	0	12	0	0	0
74970f9e251575b5ed133802d16a67af	0	0	12	0	0	0
65294b29f8567a3f3937c3dbc7bd75f0	0	0	12	0	0	0
15c2ae6ea00a2c46f1fd0569798c9d83	0	0	12	0	0	0
a1ffc963aa2d002ef3b7849fff9212ab	0	0	12	0	0	0
70e82c1f85c489bdcf95d525ba87f656	0	0	0	0	0	0
ddc496ec44102ca534a93df93b427af7	0	0	0	0	0	0
f03f91d4a904fd2eff47b30f1c570be3	0	0	0	0	0	0
c65e13082d20fdfb45b6e46d9d914d5c	0	0	0	0	0	0
9a26ffcc594fe5d0b67770db67b75a87	0	0	0	0	0	0
d71e0ff0852ddad7102b823e8a37813e	0	0	0	0	0	0
8646332df51cf90487605ed0ac3597fa	0	0	0	0	0	0
36ff0272dc610fcf3647c524f633486e	0	0	0	0	0	0
0a1f5ed70dcb37a86924dbd5fde981af	0	0	0	0	0	0
b821e300b7544f0b507fd65c9f19d0ca	0	0	0	0	0	0
5d0e44ece6b434aca562fa33b7321c4b	0	0	0	0	0	0
552b9a6e56c424c901f60561c1af271b	0	0	0	0	0	0
6ee221c626a2b6dde262cf389c66823b	0	0	0	0	0	0
04be702b895fe5ed0568344daf564276	0	0	0	0	0	0
d043c680768cdc0c468bf8bb30833a74	0	0	0	0	0	0
8dc58c8431736ef0ac6f853576b05f06	0	0	0	0	0	0
d3829c53b66db828d6bff7f21c6dad28	0	0	0	0	0	0
01af536110b737983327bdbd0a20f584	0	11	0	0	0	0
0488ed4a9632ed596f83760df71f6b1a	0	11	0	0	0	0
bfa961a6289c03781f044dee61b9c963	0	11	0	0	0	0
cdb6231fdfeed8a3ded002938db150b7	0	11	0	0	0	0
7feaeb5e2349636f7e031f3556527b22	0	11	0	0	0	0
066ebd75e6cfa6f7d1d491b1fc5e0622	0	11	0	0	0	0
4798bf6a81d317bc46f759278b79e592	0	0	11	0	0	0
b373bba9103a230c206aeb7d942664e3	0	0	11	0	0	0
5894104798f005c2df0fdb8f60b68804	0	0	11	0	0	0
1993a620f23e36fcbdf7f2ee34e63e10	0	0	11	0	0	0
3a0346a46e184098f63d048b49da9014	0	0	0	0	0	0
fcf7fe1739d4033fc814b10d781d1af6	0	0	0	0	0	0
4c94128c33f4cb92460ec0651a6a883f	0	0	0	0	0	0
054cc951ce2db503dd36d9992c4fb415	0	0	0	0	0	0
8af10069b2a003ce57935e14d4f46208	0	0	0	0	0	0
7a5c84a7b1c4ed2a6e14a2d37e0d29a3	0	0	0	0	0	0
5ae3683bbebfa652406274b5beca783f	0	0	0	0	0	0
75fdc1dc6a47faefbf3474a749f88e96	0	0	0	0	0	0
a326b1c9b7e04b443b432f46a0cb2388	0	0	0	0	0	0
e0f79c301f6255b130e3ed47cb1c5172	0	0	0	0	0	0
6cb0373f51e1042357b77fff1f674cca	0	0	0	0	0	0
4e6bbeb864d8e115a7b4d431046cfb0e	0	0	0	0	0	0
f8c84f8e227161f3305ac35fc6f6d600	0	0	0	0	0	0
6fce343a70dd8f411533c16986ade270	0	0	0	0	0	0
a4ac15ea9021a9c5a08e2dba327e132f	0	0	0	0	0	0
d5bd4c979f4bf4ada9cc3c189b4f61ef	0	0	0	0	0	0
b3cf6aa4e28c086a67e17c8199d4a48d	0	0	0	0	0	0
2bc3f54a34be843e273637ced13e73ea	0	0	0	0	0	0
65944a68f1c257deb6b9a0e823a067fb	0	0	0	0	0	0
144f555c62e348095c94d4e18f9f0e02	0	0	0	0	0	0
b0e5fc1d1031565a89cc560eb8db75b6	0	0	0	0	0	0
41414b679639af8cc9ce6eead10ccb10	0	0	0	0	0	0
fe377be38d8f928319be132de86534d2	0	10	0	0	0	0
0e7fccaf5e16107888d6c8c594ddab47	0	10	0	0	0	0
93e129590f3c34518d578d05e7975f32	0	10	0	0	0	0
7c2269d9a32d061f25debeb75f253ab2	0	10	0	0	0	0
58e3ce1fd24d0fcfa3a8010bcc1d72dc	0	10	0	0	0	0
ea3caf1c63f74c44be257886ee604382	0	10	0	0	0	0
a47107d7ed9a8f6b531559e1ca6517b0	0	10	0	0	0	0
ccd0c042647658a41f596f0774c06cc3	0	0	10	0	0	0
b8c307ec1a97ca8dfc17506885bec49a	0	0	10	0	0	0
4e872615199d2df89ddc11153491baeb	0	0	10	0	0	0
008be891c1c17c2989f0d188b81a5721	0	0	10	0	0	0
022be8d3cf931a3558bd13b841b72cff	0	0	10	0	0	0
2fc9a22e5665fab97be444167b049015	0	0	10	0	0	0
013a07a1fb7710499bac1ff6ce3837b5	0	0	10	0	0	0
59d7332b6260dfb959116902610dd02c	0	0	10	0	0	0
17acd912e6ef6a774f04a5e103cdd573	0	0	10	0	0	0
d4b59d9eb6647f43ad43304bbb7c32a3	0	0	10	0	0	0
9fa1342d59ed83975b9958e625d52875	0	0	0	0	0	0
f0e91f5a3ac2768fb3fc2abf78d3495f	0	0	0	0	0	0
7c1919387635a22c8415b551b0326379	0	0	0	0	0	0
30e8cf4b59a8f85e543145cf1b693714	0	0	0	0	0	0
583d3336abe9cc8c3944e83182848f20	0	0	0	0	0	0
0fad8c66735c6201cf5124a02716de6d	0	0	0	0	0	0
d12172686fe93ff85154211aa69887f7	0	0	0	0	0	0
112fed7c9b1cc6fdc72e50d6c9aa0430	0	0	0	0	0	0
6405ec8cbf939e17c8afb7bfdf50fd02	0	0	0	0	0	0
bac8842d4eb3e15eacd3a0c4bdbbf1b3	0	0	0	0	0	0
4fa5302402197ab8dc2b62875dbd642f	0	0	0	0	0	0
9fea0fc4c47f87bbac98d8b93d5be716	0	0	0	0	0	0
18e6a7823db030c28dde917ea6de14a2	0	0	0	0	0	0
a033bd1bc93f105c8ec50bbe223d7658	0	0	0	0	0	0
a4ad54ed2e2c30ba2ce1ff018e2f39ef	0	0	0	0	0	0
a06650cfd4367728f2cd52010014fa05	0	0	0	0	0	0
01468e9071ec344c80780d073bdf611e	0	0	0	0	0	0
de81e3013de6afc9c4ae6c5e90ea4e15	0	0	0	0	0	0
24522f7485582e07564aed7c426af59d	0	0	0	0	0	0
7cdc89c21d847da9f690ea1c694dcd60	0	0	0	0	0	0
0f82891243c08068222d9e4e3348f255	0	9	0	0	0	0
cbace58e748c5951be7042dc38d5f654	0	9	0	0	0	0
e8e8df81c599f85841213a2e32162254	0	9	0	0	0	0
35fd41579b5eec27ec14c400c586c480	0	9	0	0	0	0
a84ce83235868b483d0bf3433052ca78	0	9	0	0	0	0
9a02f2182e8780dff1be76baa2de2288	0	9	0	0	0	0
b78fe9067176cc884d9d372f3cbbd724	0	0	9	0	0	0
a84dad6c99e096de4bbcaf5c6faebb0c	0	0	9	0	0	0
bbb3e1fed890fe587429cbadedf5e033	0	0	9	0	0	0
0a7a72cf0cbf9f815d62c85dfa0b269a	0	0	9	0	0	0
d7148b7d7a32a2ec0325cb8001b09f12	0	0	9	0	0	0
bc02053f5c4c1ad11bb5231eeff66746	0	0	9	0	0	0
6efd74b1784cd39619e4f722309cd4b8	0	0	9	0	0	0
b047ddb78068a2619b4cdf0195a1e959	0	0	9	0	0	0
98fb728dd28998f3c469553c177a4113	0	0	9	0	0	0
bc7dc0a7572b7dbf8812272c68ed1d80	0	0	9	0	0	0
0be27653687e37cb1d425befb2d75381	0	0	9	0	0	0
b23f9a98afa4f3c76a8e9e26362e179e	0	0	9	0	0	0
b2d06876a876d2e5a1e33e5152af1af5	0	0	9	0	0	0
f7a883a85af469e40f60a50df3cf7ddd	0	0	0	0	0	0
d7b5593b7033db186d0cba969003c804	0	0	0	0	0	0
9db01e0950d7822dec4ca986584f02b2	0	0	0	0	0	0
f98eab1c618024d7ce771a75029dfaca	0	0	0	0	0	0
d3211dcde1f6cb80693cad45b5c1528f	0	0	0	0	0	0
0f0f04f9a323f23a4e54d41bf3097f47	0	0	0	0	0	0
d21432a68605efde5027591fd88f88dc	0	0	0	0	0	0
c1d8f746065975c3dc82d29b9eee6f45	0	0	0	0	0	0
8b1acc33cdaa7bb4b79ebc138f711668	0	0	0	0	0	0
ccb0ad8d40b63b5da37a8c0d49dbe041	0	0	0	0	0	0
65c53d7ed8d00c62050c337fa47b6bb4	0	0	0	0	0	0
2905ba5c27c08da9632ebe44c23bf000	0	0	0	0	0	0
b189dfdbca67c55ecc626a75c32427c2	0	0	0	0	0	0
88565e1a37d87b5712759106f7015306	0	0	0	0	0	0
aaa6576353fc57f0a600e75ffa65451b	0	0	0	0	0	0
e149cb15c585a41ca7f02fbda4bfc5b3	0	0	0	0	0	0
8ab56c0bef6958f395f25b0954858d47	0	0	0	0	0	0
9d09ddacbb3c69f0c177293b7e15fa5a	0	0	0	0	0	0
ec098ad12ef2923b449a01762462578b	0	0	0	0	0	0
499b91aaeb28e60563d38719eebbcadf	0	0	5	0	0	0
ab89714c96c70d079eeb0d24cd4fbdd2	0	0	0	0	0	0
117b0fe605f692482a7169fb79333194	0	0	0	0	0	0
9a81b1b87d5dc3b967370a6339b2a1d9	0	0	0	0	0	0
fbd3170eb75043c0129d7a10655c79d9	0	0	0	0	0	0
d9fe8a7caa29b6317dc94d9d51494b02	0	0	0	0	0	0
ccda94ab49d6bfb68e2a5d97923b5d5b	0	0	0	0	0	0
88342c18e69b46ec98c2fc6f5ecc7b15	0	0	0	0	0	0
97421e50bbda79d5e815825ba731493f	0	0	0	0	0	0
0df01b040c60f4e6b41904be096b1c12	0	8	0	0	0	0
0c43b939c9678347a289d73ad79a76eb	0	8	0	0	0	0
375d16dc15aab81ea2eb38309545f05a	0	8	0	0	0	0
b352961453df2880ab30e9c0ee90ab85	0	8	0	0	0	0
cb3f5d4ed817edf5cb1ecb9306d3dc1d	0	0	8	0	0	0
59f55beb3626ab5e09d50e461b7bb5b8	0	0	8	0	0	0
38db31fadcc34bfcd2d51b3a592ee262	0	0	8	0	0	0
ed0584432c946b247940ac6f49d8f05f	0	0	8	0	0	0
fe74f8e203b0a207dc42e79e1fe45d89	0	0	8	0	0	0
7d2c226fd4e49d0a16c797ee88d7228a	0	0	8	0	0	0
1708b37f966a2e4733365868a67fa139	0	0	8	0	0	0
26d6355ebd0931dadbde893939441546	0	0	8	0	0	0
ee53b1fb3968433480e7d03e2dbfae8d	0	0	8	0	0	0
d2df5542834a61b9c87b5907abff3792	0	0	8	0	0	0
6365da1a4dbe4a1ea84f22706985732e	0	0	8	0	0	0
58a3bb88d32b8dfcc8d8f12069e00fb9	0	0	8	0	0	0
fb1927a48f3ec9408052143f67dde4c2	0	0	8	0	0	0
b5ff6f56f936eb04b68c0dddae90d3b0	0	0	8	0	0	0
2cae984d1763fccf51ae6f6fd49a551d	0	0	8	0	0	0
26f934b3f910fd74d9526f27b1dde82c	0	0	8	0	0	0
f099dce920e678775b64af8b754fb7e7	0	0	0	0	0	0
af2e09d784574acdc1c33c3b984054fb	0	0	0	0	0	0
27c6ba4ddb4a606012ea46ffed37061f	0	0	0	0	0	0
946803796d19a4dbb6d5650a27d3970d	0	0	0	0	0	0
d622efe02167d64b04340a58c51f05fc	0	0	0	0	0	0
6d4e05b6a535cdd070e7e28f3662ebd8	0	0	0	0	0	0
158f3143a72b9cd9f2a14ac5b1a5852e	0	0	0	0	0	0
878089313e1bee302c0f543f78662213	0	0	0	0	0	0
14a347c093de5b10a5c7e7b93270a2c7	0	0	0	0	0	0
8ed10edfb5e2594779fe0bae0666ef7a	0	0	0	0	0	0
2686e7f9b706b5f61ae91979e3758024	0	0	0	0	0	0
f154f0547cc0da9dcbbed578a4ad005b	0	0	0	0	0	0
473b208dbd1e633a5f1cf10e137392ed	0	0	0	0	0	0
061ad55bb18781528bf55b36c52a0b11	0	0	0	0	0	0
74fb435047c6fa3aaa621bf3f585fe74	0	0	0	0	0	0
cd5eb958aac75cd7442d5d8ffed7c55b	0	0	0	0	0	0
db6d4dc6e8cdc9e330a7f9795f075265	0	0	0	0	0	0
430ba71a0eca87de00fdf075bc1b417f	0	0	0	0	0	0
67061bf2887ea44ff051895481bc7d5c	0	0	0	0	0	0
917fa273f33272b870b2e971b6d3e640	0	0	0	0	0	0
1eb4bd8d0fc9f62a3e86aac776c4502d	0	0	0	0	0	0
7a89a9deb2a99ea8af9db3738a6e2bf7	0	0	0	0	0	0
df74f7d72a2766a5395cd5cf77865519	0	0	0	0	0	0
901908ce05eb6e5d464ab180fa7fcb92	0	0	0	0	0	0
1c2f4b0e830969603942a83fb4bf183e	0	0	0	0	0	0
6c0deaab032502f1a1c62f33ebd8b5ba	0	0	0	0	0	0
9abfe470a0286ffeeda2c9aa0d681aae	0	0	0	0	0	0
6ed908c53e0c2f56a56434afc5d8b4f8	0	0	0	0	0	0
e786a523ed746142a3504451f189d5cf	0	0	0	0	0	0
21a1983c9f721f5c59af47b75be85bfa	0	0	0	0	0	0
493d3e59984a5ceb15c399effd7d6652	0	0	0	0	0	0
da7a741f7bc8ff1802053cfa64145b75	0	7	0	0	0	0
bfeb192bd64c3c0210ff9464487e4c47	0	7	0	0	0	0
99f05be00f39859227b7f868bf511694	0	7	0	0	0	0
40b4985b2a1e95f0d7e767e4d5fec3f6	0	7	0	0	0	0
b7a797dba02f157487157d7c2973b00b	0	7	0	0	0	0
a6062ea1b43888f4c2c46319929f4b90	0	7	0	0	0	0
efbb83bc6f142012c2c6f2cd2c799e04	0	7	0	0	0	0
cf22584e1d126acaf8bd81a6268bb6d6	0	7	0	0	0	0
c9e09b9a974c94d31e9c208368623b78	0	7	0	0	0	0
6ca2bef19aac433b2449a18d60f9cebc	0	7	0	0	0	0
02df17ef5e59652903bbfc8a1af91865	0	7	0	0	0	0
cc6dc87f7a966be91460df188c85a5ce	0	0	7	0	0	0
d8aec3248ac144ca69a526c0a27fd8f6	0	0	7	0	0	0
0dc1e49e5d7642ac05c952c363c3e02c	0	0	7	0	0	0
21b707e7348b8ef7c4cfb620b8d68ea1	0	0	7	0	0	0
cbc992b9844aea69b8fbc975db0b3d0f	0	0	7	0	0	0
9e380d88f4ca2c8370c051c0ab4c0e98	0	0	7	0	0	0
76c21575bf923a9e468093a6d966a4d8	0	0	7	0	0	0
16b77037ae868100f596d122660c0a6f	0	0	7	0	0	0
481a505505ca2d015933529a01f6f925	0	0	7	0	0	0
74d45ed04192961a59d92f6a54b06380	0	0	7	0	0	0
b4c50ab9a80590818d0a27a13b4de2f9	0	0	7	0	0	0
6e2982a6eeef5f9ddf1d5ef8270b2a31	0	0	7	0	0	0
35fdd68b7d4fa2be1f630afda01c2ac8	0	0	0	0	0	0
a07d24411276f8232a48f949a54fd220	0	0	0	0	0	0
855c2b0a07c28a96ba1c8f58de403dca	0	0	0	0	0	0
d5effb7ba28a7b5fe9ceae059699da99	0	0	0	0	0	0
fa6084aa3ddd444d4f1734d4e9e63d43	0	0	0	0	0	0
ac9a06c75e9856b8956ea711f540321e	0	0	0	0	0	0
d894eafad10e10a573023e08c491d0d1	0	0	0	0	0	0
9c7762885db6f2132f9dd191b408b7c6	0	0	0	0	0	0
2c18811a1e3490d80881dec1185d821a	0	0	0	0	0	0
90065cbd5b668e42d1cafe1ef81fdc52	0	0	0	0	0	0
a6d5609f45df4091cdbb47f263f36c64	0	0	0	0	0	0
92911bb7fbaa3756a462f4caaa733f63	0	0	0	0	0	0
d6a8ee0f273b78ebf95874854ca24778	0	0	0	0	0	0
27bdb5de0df1f75cfbe6a8b8aa1571eb	0	0	0	0	0	0
5f28ec4860ec75b0a38c74dd8e8ebf70	0	0	0	0	0	0
c72da007aab124e51d917d5d6bdcf86b	0	0	0	0	0	0
51f390f29b604e23d3c08b8c2b565bc9	0	0	0	0	0	0
ef10152fe18d22b1e5c085b473eddd3f	0	0	0	0	0	0
b1d6368057cefc3810d7110488cf2edc	0	0	0	0	0	0
61df14687b62d51deb069dd7c52ad7a4	0	0	0	0	0	0
ccbffa3daab24777e807295a467428ca	0	0	0	0	0	0
c5a89e1b132c2a960449522b42d25380	0	0	0	0	0	0
b7939c5282f5a860f7f572f38e14477b	0	0	0	0	0	0
a93a5e0e7e97a5bf9ad7badad2166c13	0	0	0	0	0	0
4cb0a720faf38408590432ecdc9efa91	0	0	0	0	0	0
95c055f451f5cbf8fe57baaab3bf2ffe	0	0	0	0	0	0
0830601dff0d8a2d040f12673e9a13fe	0	0	0	0	0	0
0ed2732459d6de45db5cf74396216bbc	0	0	0	0	0	0
7e36e05764aa9eb772f3b3f1f3848c12	0	0	0	0	0	0
0173920dbfbbb0f81c9c36d61142eeb4	0	0	0	0	0	0
a38e941fe3f429d75c7b24baa1f55a17	0	0	0	0	0	0
fb04d665218886856d8296896a66a820	0	0	0	0	0	0
f518872e61a4107f97857b20d1310d7d	0	0	0	0	0	0
b3ece433d4c5c5a28763c34e0479cbb8	0	0	0	0	0	0
6e7317c14238561fe5865674e3a3206d	0	0	0	0	0	0
b17bf4f058b7acd82580c605705e799a	0	6	0	0	0	0
38a177995d659a78639de95399ddaf7f	0	6	0	0	0	0
08503251b9abf8b35801d6ed0a8545d2	0	6	0	0	0	0
7dc67f1593e97f8d28c0839d95bdc0db	0	6	0	0	0	0
e765fd9d88297780b272cebf88f4a8d8	0	0	6	0	0	0
65c47b3c08b41d3507cb048ba0fbfa2c	0	0	6	0	0	0
c2cfda925e5fc11eddca095dc84cd3cf	0	0	6	0	0	0
54c630c7968b2307d61bd568b1119a98	0	0	6	0	0	0
1b8830ba844a7b0276170fcb50787323	0	0	6	0	0	0
2097952180d422c9ab996783df3ae8b7	0	0	6	0	0	0
7d1d470044b41f12e178ec4fa8662a90	0	0	6	0	0	0
937180a766b3cf8af368bea20273c03d	0	0	6	0	0	0
449d3996857e893f43c2848410f30617	0	0	6	0	0	0
64f0df00194a9196e10694a4330b2c1c	0	0	6	0	0	0
51f37b070c828070ef086e43023f8621	0	0	6	0	0	0
ef1fb7b11835b873c7021e40795570ad	0	0	6	0	0	0
c081c63688123356f5b6b9e4fe5fd9b4	0	0	0	0	0	0
fc347db4ebd63e647112a3734cb96741	0	0	0	0	0	0
2aa503a532a1ffffb9c69331f794313e	0	0	0	0	0	0
346a8821e574f395a786cfd1e004343a	0	0	0	0	0	0
255670098f4899142be13199714b4d3c	0	0	0	0	0	0
8bb6b56f0decedda6a3e4bb4b7bb15e5	0	0	0	0	0	0
f31531c7eedfdbe8529a15d470f4f1c7	0	0	0	0	0	0
5270df843af2feda3241487adb2c5a65	0	0	0	0	0	0
f51094785b7e046d4e6b225ee481e4a3	0	0	0	0	0	0
6da946426d7abcbef6a93cf29c21dae0	0	0	0	0	0	0
1dfd0f30e19faf071b11df66e44ef4d3	0	0	0	0	0	0
6ad0eed6c1fdeb5a08f3d73cbc934e77	0	0	0	0	0	0
75312fc8739c2cebc4fa72cbcaec7af9	0	0	0	0	0	0
b3604b9e0baef926569f55ad92f9b6c7	0	0	0	0	0	0
03477aab7f87da58f167387d2d4d10ca	0	0	0	0	0	0
6ad55ef8c22c801215886423cc8f22d7	0	0	0	0	0	0
eae40cca0bb16b655686a18748e73f61	0	0	0	0	0	0
1eae12c5939896ca246cf8463b80bd13	0	0	0	0	0	0
b8b4a792e6c0f45f4623b035a18d111a	0	0	0	0	0	0
998eb67b60fea0031767911402ee338b	0	0	0	0	0	0
a29fffc6a2346e4ebef8e6cbe7f10ea5	0	0	0	0	0	0
9ad90bd0f45555a1587a12d4985a288e	0	0	0	0	0	0
6d310cb98366cf40e12ed41cd7f5c9b5	0	0	0	0	0	0
5af11df445eb94da44756bb6ed50ef0d	0	0	0	0	0	0
27b78d66233b2492e1bcb1f12af038c1	0	0	0	0	0	0
d8cd2292610bab82bfd111ca8a0d852c	0	0	0	0	0	0
be2735f14144df7edf71a00407221deb	0	0	0	0	0	0
0b95842dcd36c3bbafb322128367d7ea	0	0	0	0	0	0
c8ea68611ee5cfed6e1820a1449f9b01	0	0	0	0	0	0
5abf4a0ae35dc80570d4d47fd3a522b5	0	0	0	0	0	0
d3b1a2a65fb3faa328939aecc374ffbe	0	0	0	0	0	0
9167a50afd465fd322a0f54cd6968ccc	0	0	0	0	0	0
97c3f37b6f379f1633572726bb5d250c	0	0	0	0	0	0
dcba46b787795490df1667d483068d6c	0	0	0	0	0	0
0319e2a6b292deac7a50b065071a201d	0	0	0	0	0	0
28e8b36edddb893f6ff9d7ccfb29e847	0	0	0	0	0	0
86de79d46d17ccbf109923a812772644	0	0	0	0	0	0
3f1c5e0c171b500a23c78585dc444027	0	5	0	0	0	0
7fe483cc7f88f9ce76870b753cc26b31	0	5	0	0	0	0
4da55937eb9c0e5b75cefe8c820e0813	0	0	5	0	0	0
d757aa889756c610c37783e169f335bf	0	0	5	0	0	0
bbd63897214c66a5f9f6b951b9d6ae1a	0	0	5	0	0	0
d121e3b50b369eab1ded58ad95bed434	0	0	5	0	0	0
aa2283df31f14719370a594c5f8f2347	0	0	5	0	0	0
89ad88b91e12fcce5d5790fd77000a57	0	0	5	0	0	0
d40ae5edf819d2d2b435ec8136e30390	0	0	5	0	0	0
30423b00e7e339ef74a2a2f065ec58d5	0	0	5	0	0	0
cf2d245b052d005dcfc00c50367466ee	0	0	5	0	0	0
704271a713e3c6e5378eb1ce7119315a	0	0	0	0	0	0
7bac8207d7d21b53c5a7071681dcb88e	0	0	0	0	0	0
aa76c7ca619e172b10403e6abb1d058e	0	0	0	0	0	0
de1725e8518bc62be7d3394711cf50a5	0	0	0	0	0	0
67fe68b10effbc7af1e15eb1d66f58af	0	0	0	0	0	0
9af9939af7b5f0191222318cc387759d	0	0	0	0	0	0
155acf3bffbc9dbdacc84347ceb55857	0	0	0	0	0	0
76932bb0d9b5db760c30ecf5fa7324fb	0	0	0	0	0	0
6641c21dae667e2ff323a71b0231d5c4	0	0	0	0	0	0
ae21bd5b6810f1d91317360285445714	0	0	0	0	0	0
f0e1c0527c93a4d93ecbdf007610cf6a	0	0	0	0	0	0
0a6d1982d95579bd24ec5cea592cd18d	0	0	0	0	0	0
b1397f4c399bbf7a38f8bb621479cc67	0	0	0	0	0	0
7531bb350825b928f37174e79a8b7ebf	0	0	0	0	0	0
d17140bb100c96e80568d944c89e0cbd	0	0	0	0	0	0
0f523b87615c7591e62ad2c2d3814e7f	0	0	0	0	0	0
27eb6bd89d57c9c0febf77e3e110a3e8	0	0	0	0	0	0
d35eaf2c15c9df473dfb341eee8e1fb8	0	0	0	0	0	0
d454b9f080fb239d4d07b71673fdd272	0	0	0	0	0	0
b1aedd667e62106276165f8550ea2b8e	0	0	0	0	0	0
0cf953b6e923582ed71895d617f87e12	0	0	0	0	0	0
f0ef25de9e561ea36c1fbefb30aae0e5	0	0	0	0	0	0
67c1177787e3503606bc9b671caf2699	0	0	0	0	0	0
0f633569aff23d2e641609dce8fe5546	0	0	0	0	0	0
4860fd7afecf19450bd071c1a0900f3e	0	0	0	0	0	0
9d4dca8164cdee7645eda7ef5510325e	0	0	0	0	0	0
f81c7fd6b1910bfebb0de6ba1c8966eb	0	0	0	0	0	0
30687c8a3e3814d41206ab7b5ac648c4	0	0	0	0	0	0
54c431c326e9496aec4446f391e4b755	0	0	0	0	0	0
025ddedf4f73cb1cfb80328fcd99702b	0	0	0	0	0	0
3a2e312b72eaacdf6a4e7735cd4ea912	0	0	0	0	0	0
b8b4b973930383c295bcaca7ac00d9a3	0	0	0	0	0	0
9ff8203c52f9c54fb2957c276e7dab6b	0	0	0	0	0	0
e726d81754f3cdb92951d4f3f3351d4f	0	0	0	0	0	0
0f537ead0270012bbdc63ca259f5f9f6	0	0	0	0	0	0
d5603d2e42dc89df8ae22aa3c3ba49d7	0	0	0	0	0	0
fdf4fdbe76fee14318156bc5fc186d5e	0	0	0	0	0	0
74397d43a232e66cb0e6556bf7f2d006	0	0	0	0	0	0
e06b4921de01eb1b1a5e2745a65ecafd	0	4	0	0	0	0
2ad5fee52bf5abc18b627a86fd9f958e	0	4	0	0	0	0
62f89b7146fe46d06a00b0943fda78aa	0	4	0	0	0	0
5178eeae19d7a70666bb86f631641a2d	0	0	4	0	0	0
fba1d12f4c30efd48d0013c28e05167b	0	0	4	0	0	0
7d5138afff0d6c9fe02cfcdf9a614a7b	0	0	4	0	0	0
0ee529affc8a5cea991a93355e649490	0	0	4	0	0	0
bfe225d56b7f61b75cab45148cd3e4eb	0	0	4	0	0	0
f3fd16397076f735d8350d19bdaa5b85	0	0	4	0	0	0
7af400cfb4741124bb3c7bf31d2f19b8	0	0	4	0	0	0
2a79876c0bf32df99020f4e2730403b6	0	0	0	0	0	0
88fe6ebcd9ab53917226135bea2e97b6	0	0	0	0	0	0
04b74acac62c66b582ad69995376242f	0	0	0	0	0	0
c5e2d749ce096d22c364eb0331cdc289	0	0	0	0	0	0
48c9f4b63632197cc2fdde1f18182ed7	0	0	0	0	0	0
f2adc3bcddbf66d03e3c76a9814facc8	0	0	0	0	0	0
c6a99b154db11103c427614fbe6e27e0	0	0	0	0	0	0
7dc83dbeea32ce7c1f6882c4b2ad2788	0	0	0	0	0	0
cb5e6fc3a89d484d4e5b6b0908bbd2da	0	0	0	0	0	0
acd7e520d5e3e4f60ba0d1527a758c0a	0	0	0	0	0	0
173c5b0937e7e1e963898d2a498144e4	0	0	0	0	0	0
f4ca082724304f993e97864c99411ed2	0	0	0	0	0	0
1797db5b9627ad10793294e1b13f8912	0	0	0	0	0	0
722a22fc2a6d2b293a6e478cc21d95f8	0	0	0	0	0	0
e2df6cf9be8005c66866353536b32903	0	0	0	0	0	0
78f2bde2043e08b1a20c009c677c5747	0	0	0	0	0	0
d98c9d9135a5be65d555b904f87e3243	0	0	0	0	0	0
e324ca4e25ac63a233f69b3e112723a2	0	0	0	0	0	0
b39784210d415094650f8ea663c05710	0	0	0	0	0	0
22550effe823851d0be7d7e61a475d7a	0	0	0	0	0	0
3dfb1c0f6f850b7e75803dbe01ed0468	0	0	0	0	0	0
64149a128aa98a41c0968122bbbfc69a	0	0	0	0	0	0
1227a8195a84cf592c17059ba5334b98	0	0	0	0	0	0
f9651dcb58eb06c19fa62de37b7d3dff	0	0	0	0	0	0
6b5051c16ad62e03cb4e02cb5e43f287	0	0	0	0	0	0
399b2627ab11989cc03bf4a21c3e0811	0	0	0	0	0	0
c1c0304b666f167db880c17ccf6381a1	0	0	0	0	0	0
a9aee4cff334242495ac961a32786a92	0	0	0	0	0	0
aeb618699d156acc7e04a44189fe88bd	0	0	0	0	0	0
0c24e67ebfa23f5f85a053c4e7475b92	0	0	0	0	0	0
514e3a0b23c998f41da7db0dc712a20b	0	0	0	0	0	0
c5e9bb577e8099365a48447d85d55c9b	0	0	0	0	0	0
483633f035ce0ead29a7aa10f5f54366	0	0	0	0	0	0
b9800eb5a3987dcc571fdd094fddebd0	0	0	0	0	0	0
b618307859804215216fada651f40fb8	0	0	0	0	0	0
5425809d9d496b5946cf9ae9303ad1b1	0	0	0	0	0	0
dc005c2b33a683e7a13322c1a16447f2	0	0	0	0	0	0
44536e7d859312677ce835c0cb53eeca	0	0	0	0	0	0
d5fb9a242d1caefbb1a6a5043828f3fd	0	0	0	0	0	0
b68bd8b9d8c9e3d5160bb6955ae77bcf	0	3	0	0	0	0
015d653b9c9774921ad55f439e1304e8	0	3	0	0	0	0
93e82595599baa5b27aa8ef7171baaf7	0	0	3	0	0	0
9e1c27ee974c4d8c3c36177eaac24332	0	0	3	0	0	0
0f5d491bb91a206893f664c3e1d7c0e9	0	0	3	0	0	0
ace2393475035628d11830911eb76246	0	0	3	0	0	0
dc6b3b60eb89efadd7e374aa0d646826	0	0	3	0	0	0
1a2a5aa597cf01bc9d8f65b0c84f1b65	0	0	3	0	0	0
3b8d29af90a7dba7f75c950dbd862e19	0	0	3	0	0	0
ecbf3f1f7b8ce50bad0a33ef98b0b936	0	0	0	0	0	0
52dfb4bc65216c75ad7109efc8e50d5d	0	0	0	0	0	0
495eb98ed1e106eca1e65e863dde6a1b	0	0	0	0	0	0
1b315caf0b79602d19226138e4987cf0	0	0	0	0	0	0
187d4c3dc091c785553d6123d6d6b9c3	0	0	0	0	0	0
aa0b9e5102417b76da7ce3b6843984fa	0	0	0	0	0	0
3f0bf9075778d12f27e1b31fd562cec5	0	0	0	0	0	0
11d35915032351ebc2d113847134a372	0	0	0	0	0	0
4604a2941ce809d217017bc79a72fd79	0	0	0	0	0	0
ce9bab292ea3a88af49a73d124208808	0	0	0	0	0	0
62d88531604aef6ecfeb3303ec257a9b	0	0	0	0	0	0
5b3cbf5f942da8d88df4500090156085	0	0	0	0	0	0
e2d72f526494621ed5884c38951154a6	0	0	0	0	0	0
366ebf81331cfbbd42370644d3a86eba	0	0	0	0	0	0
8d8e7ccd87307644d8f1e2896611f15d	0	0	0	0	0	0
7aa9b6ac3752e5521719478e4632e2a1	0	0	0	0	0	0
12f35832e0d057a6269e9e9bd2501ffe	0	0	0	0	0	0
b94757f8122815671d4d574096e104c0	0	0	0	0	0	0
2b1d844f14c4c13539e9ad95caae0351	0	0	0	0	0	0
df667ac0f0c43e2b4ad46f06ef547dac	0	0	0	0	0	0
bfa7175030f8694e59a96e3083ec18d7	0	0	0	0	0	0
085252d14b5d1d610f5b85f87d7b27d2	0	0	0	0	0	0
4a558d20e7284a2ab7cd6cfcfe158e74	0	0	0	0	0	0
3974d2f690dbb62f034313abd49aad28	0	0	0	0	0	0
73091f033df527e088d153f795c2ec6f	0	0	0	0	0	0
8cc71a2434b09aa8583c63b3b6aea3b9	0	0	0	0	0	0
d2c962732041af6a66728667a9cd12c9	0	0	0	0	0	0
8efcfc93f59d1743a9972ff99ce21761	0	2	0	0	0	0
388505a98328592b1a90fc261882f4e0	0	2	0	0	0	0
519fac9c34d4bd6164054601200cc847	0	2	0	0	0	0
3b3fe29e223746c303f56639edef8927	0	2	0	0	0	0
5f87bd7ce35bc6e695f48f8a4bf6d007	0	0	0	0	0	0
3651c6ecde5668a53476461e8b3be4d3	0	0	0	0	0	0
7186920295401417fea7c544e04d80e4	0	0	0	0	0	0
ab57f5473efe069e317ea6093644de78	0	0	0	0	0	0
c158833d77408f0cec2a978f50fa58d2	0	0	0	0	0	0
8b5bbfb3d91070eb07b5959878d29858	0	0	0	0	0	0
dd40fef0d6b926ab1a525d52421f2338	0	0	0	0	0	0
bfc8875fb478c287e6a9fd94802db797	0	0	0	0	0	0
14a2e891439701c2c807d7fa12b40612	0	0	0	0	0	0
35d8aacdbebf6d9a9b1befe70a6a682b	0	0	0	0	0	0
4f5c8ef6fad66b22db95ad2a27ef0748	0	0	0	0	0	0
676f9d54cd40641c4042b46abf933b1f	0	0	0	0	0	0
42ec444d6753a3d9288a92fc129d91a5	0	0	0	0	0	0
2a97c74cd0a003e8ea4f88c48b961155	0	0	0	0	0	0
c1ae7c2b362942ff6fbacbbd54d556ab	0	0	0	0	0	0
82ce1e6c013a3ebfb3c8cd4d0e22b0cf	0	0	0	0	0	0
ddfa4ab213174798b65e2e8db924046a	0	0	0	0	0	0
14516abed3c4cd807dce9b32554a2060	0	0	0	0	0	0
a2589207bd5f3c1945a53d7701e65fc0	0	0	0	0	0	0
f4a0dac2e13e954edfb595ae0d598c01	0	0	0	0	0	0
5f286d36214bb68dd7ad436bebc5f624	0	0	0	0	0	0
8a42d8baa902fd8a948c54e46cc1a95a	0	0	0	0	0	0
c9e1589878026228b54785db26ad8c0a	0	0	0	0	0	0
6097977a143cb94c8126c94297f5f05b	0	0	0	0	0	0
4eb6f18b53f01756dfd67061143100da	0	0	0	0	0	0
5d038cfdd4e4ab17e4da2fb82156ed96	0	0	0	0	0	0
539c5fbb654020df17bb5f25f7135a41	0	0	0	0	0	0
1431c515806d7e809078fa8fcf8777f5	0	0	0	0	0	0
5b565147c3acd14efc5a6682d1812f32	0	0	0	0	0	0
9a53b27ea7659dc162d7186f323a7427	0	0	0	0	0	0
9d7dea0ed4080a33266d14375562f660	0	0	0	0	0	0
999f62ea73292a288b7ce9816e060efc	0	0	0	0	0	0
59a7722975bd10f71fb6380efa1bd978	0	0	0	0	0	0
a7b3892969b45ecd163ed82f2f983e37	0	0	0	0	0	0
fda553e9c05d9f229a2640ddf79bb92e	0	0	0	0	0	0
65da15da2a223a5759bfef58c5ed041b	0	0	0	0	0	0
dd1705ece64f2b164eb5cfa203c15562	0	0	0	0	0	0
adb55fc72a1713c3bdbc27dd0e1150bd	0	0	0	0	0	0
0a46fe1e483cba42bfd7ed861faf2234	0	0	0	0	0	0
b42b10ab9c7edd69a8af02241f45ae57	0	0	0	0	0	0
e3df23b8c65e7163087d2b70e304ef52	0	0	0	0	0	0
97c96de963b7b76efe2d4363e7221222	0	0	0	0	0	0
abebdc0cb2f726b427e9526eca191a0a	0	0	0	0	0	0
2fb0879fe12c7c670ae2b0eb1ac1e8fa	0	0	0	0	0	0
6f67ba83758a3e7ef0c36dcc935cd44b	0	0	0	0	0	0
9020fcab0f8f5e8cb3de6d4d1368112e	0	0	0	0	0	0
79182b466b1a48667d7b89d46be93856	0	0	0	0	0	0
90809d082dce751faeb8888fbe947b2d	1	0	0	0	0	0
447982ff4d00f6a5cd860c25af570c87	0	1	0	0	0	0
743d73a6a8a688dc8a65eb30f2b85218	0	0	0	0	1	0
